EMPLOYER,title,salary,location,submit_date,start_date,status
IBM CORPORATION,DATA SCIENTIST,107390,"FOSTER CITY, CA",12/22/2015,6/22/2016,CERTIFIED
KAYAK SOFTWARE CORPORATION,DATA SCIENTIST,120000,"CAMBRIDGE, MA",12/22/2015,1/4/2016,CERTIFIED
IBM CORPORATION,DATA SCIENTIST,85938,"FOSTER CITY, CA",12/21/2015,6/21/2016,CERTIFIED
UBER TECHNOLOGIES INC,DATA SCIENTIST,115000,"SAN FRANCISCO, CA",12/21/2015,12/24/2015,CERTIFIED
TWITTER INC,DATA SCIENTIST,115000,"SAN FRANCISCO, CA",12/18/2015,6/14/2016,CERTIFIED
TWITTER INC,DATA SCIENTIST,117000,"SAN FRANCISCO, CA",12/18/2015,6/15/2016,CERTIFIED
QUID INC,DATA SCIENTIST,110000,"SAN FRANCISCO, CA",12/17/2015,6/15/2016,CERTIFIED
FACEBOOK INC,DATA SCIENTIST,135000,"MENLO PARK, CA",12/17/2015,12/17/2015,CERTIFIED
MICROSOFT CORPORATION,DATA SCIENTIST,109100,"REDMOND, WA",12/16/2015,6/3/2016,CERTIFIED
GENERAL MOTORS COMPANY,DATA SCIENTIST,75000,"DETROIT, MI",12/15/2015,1/4/2016,CERTIFIED
MICROSOFT CORPORATION,DATA SCIENTIST,123000,"CAMBRIDGE, MA",12/15/2015,6/4/2016,CERTIFIED
MICROSOFT CORPORATION,DATA SCIENTIST,134600,"CAMBRIDGE, MA",12/15/2015,6/3/2016,CERTIFIED
SOLOMON CONSULTING GROUP LLC,DATA SCIENTIST,114000,"LENEXA, KS",12/10/2015,12/15/2015,CERTIFIED
INTEL CORPORATION,DATA SCIENTIST,102086,"HILLSBORO, OR",12/10/2015,6/9/2016,CERTIFIED
CIRCLEUP NETWORK INC,DATA SCIENTIST,97573,"SAN FRANCISCO, CA",12/9/2015,1/23/2016,CERTIFIED
FACEBOOK INC,DATA SCIENTIST,90000,"MENLO PARK, CA",12/7/2015,6/4/2016,CERTIFIED
FACEBOOK INC,DATA SCIENTIST,91000,"MENLO PARK, CA",12/7/2015,6/4/2016,CERTIFIED
FACEBOOK INC,DATA SCIENTIST,120000,"MENLO PARK, CA",12/7/2015,6/4/2016,CERTIFIED
FACEBOOK INC,DATA SCIENTIST,124000,"MENLO PARK, CA",12/7/2015,6/4/2016,CERTIFIED
POLLEN INC,DATA SCIENTIST,100000,"FAIRWAY, KS",12/5/2015,12/11/2015,CERTIFIED
QUANTICMIND INC,DATA SCIENTIST,91166,"REDWOOD CITY, CA",12/4/2015,1/4/2016,CERTIFIED
MICROSOFT CORPORATION,DATA SCIENTIST,123000,"REDMOND, WA",12/4/2015,6/2/2016,CERTIFIED
HULU LLC,DATA SCIENTIST,140000,"SANTA MONICA, CA",12/4/2015,1/11/2016,CERTIFIED
MYFITNESSPAL INC,DATA SCIENTIST,120000,"SAN FRANCISCO, CA",12/3/2015,12/14/2015,CERTIFIED
HUMANA INSURANCE COMPANY,DATA SCIENTIST,71822,"FREMONT, CA",12/2/2015,12/9/2015,CERTIFIED
TWITTER INC,DATA SCIENTIST,130000,"SAN FRANCISCO, CA",12/2/2015,5/28/2016,CERTIFIED
TWITTER INC,DATA SCIENTIST,145000,"SAN FRANCISCO, CA",12/2/2015,5/28/2016,CERTIFIED
ALLUVIUM INC,DATA SCIENTIST,115000,"BROOKLYN, NY",11/30/2015,12/15/2015,CERTIFIED
ZILLOW INC,DATA SCIENTIST,117603,"SAN FRANCISCO, CA",11/30/2015,1/1/2016,CERTIFIED
ANTHEM INC,DATA SCIENTIST,60466,"CHICAGO, IL",11/24/2015,12/1/2015,CERTIFIED
PAYPAL INC,DATA SCIENTIST,120000,"SAN JOSE, CA",11/24/2015,12/7/2015,CERTIFIED
AIRBNB INC,DATA SCIENTIST,123000,"SAN FRANCISCO, CA",11/24/2015,1/4/2016,CERTIFIED
EVENTBRITE INC,DATA SCIENTIST,130000,"SAN FRANCISCO, CA",11/23/2015,11/30/2015,CERTIFIED
MICROSOFT CORPORATION,DATA SCIENTIST,117075,"BELLEVUE, WA",11/19/2015,12/2/2015,CERTIFIED
UBER TECHNOLOGIES INC,DATA SCIENTIST,115000,"SAN FRANCISCO, CA",11/17/2015,11/23/2015,CERTIFIED
FANATICS RETAIL GROUP FULFILLMENT INC,DATA SCIENTIST,155000,"SUNNYVALE, CA",11/17/2015,12/1/2015,CERTIFIED
1010DATA SERVICES LLC,DATA SCIENTIST,100000,"NEW YORK, NY",11/16/2015,12/1/2015,CERTIFIED
BITLY INC,DATA SCIENTIST,115000,"NEW YORK, NY",11/16/2015,11/23/2015,CERTIFIED
EBAY INC,DATA SCIENTIST,130000,"DRAPER, UT",11/16/2015,11/30/2015,CERTIFIED
FACEBOOK INC,DATA SCIENTIST,140546,"MENLO PARK, CA",11/16/2015,11/23/2015,CERTIFIED
FACEBOOK INC,DATA SCIENTIST,130000,"MENLO PARK, CA",11/13/2015,11/16/2015,CERTIFIED
MOTOROLA SOLUTIONS INC,DATA SCIENTIST,74610,"SCHAUMBURG, IL",11/11/2015,12/14/2015,CERTIFIED
MICROSOFT CORPORATION,DATA SCIENTIST,114200,"REDMOND, WA",11/9/2015,11/16/2015,CERTIFIED
CLUTCH TECHNOLOGIES LLC,DATA SCIENTIST,100000,"ATLANTA, GA",11/5/2015,11/9/2015,CERTIFIED
HOME DEPOT USA INC,DATA SCIENTIST,100000,"ATLANTA, GA",11/5/2015,11/30/2015,CERTIFIED
EDMUNDSCOM,DATA SCIENTIST,110000,"SANTA MONICA, CA",11/5/2015,11/16/2015,CERTIFIED
MICROSOFT CORPORATION,DATA SCIENTIST,110000,"BELLEVUE, WA",11/5/2015,5/3/2016,CERTIFIED
VIRTUE GROUP LLC,DATA SCIENTIST,65500,"ALPHARETTA, GA",11/4/2015,11/9/2015,CERTIFIED
PUBLISHERS CLEARING HOUSE LLC,DATA SCIENTIST,105000,"PORT WASHINGTON, NY",11/4/2015,12/7/2015,CERTIFIED
INSPIRE ENERGY HOLDINGS LLC,DATA SCIENTIST,85000,"SANTA MONICA, CA",11/3/2015,11/9/2015,CERTIFIED
IBM CORPORATION,DATA SCIENTIST,71032,"CLEVELAND, OH",10/30/2015,11/6/2015,CERTIFIED
APPLE INC,DATA SCIENTIST,145000,"CUPERTINO, CA",10/30/2015,11/16/2015,CERTIFIED
MANTHAN SYSTEMS INC,DATA SCIENTIST,100000,"SAN JOSE, CA",10/29/2015,11/9/2015,CERTIFIED
MICROSOFT CORPORATION,DATA SCIENTIST,105900,"REDMOND, WA",10/29/2015,4/26/2016,CERTIFIED
MICROSOFT CORPORATION,DATA SCIENTIST,120800,"CAMBRIDGE, MA",10/29/2015,4/26/2016,CERTIFIED
MICROSOFT CORPORATION,DATA SCIENTIST,121100,"REDMOND, WA",10/29/2015,4/25/2016,CERTIFIED
LYFT INC,DATA SCIENTIST,145000,"SAN FRANCISCO, CA",10/29/2015,11/30/2015,CERTIFIED
AMERICAN EXPRESS COMPANY,DATA SCIENTIST,105000,"NEW YORK, NY",10/27/2015,11/3/2015,CERTIFIED
MICROSOFT CORPORATION,DATA SCIENTIST,107100,"REDMOND, WA",10/27/2015,4/23/2016,CERTIFIED
LINKEDIN CORPORATION,DATA SCIENTIST,114358,"MOUNTAIN VIEW, CA",10/27/2015,11/2/2015,CERTIFIED
KENZIE LANE INNOVATION LLC,DATA SCIENTIST,120000,"ATLANTA, GA",10/27/2015,11/9/2015,WITHDRAWN
OPEX ANALYTICS LLC,DATA SCIENTIST,89440,"PALO ALTO, CA",10/26/2015,11/3/2015,CERTIFIED
PAYPAL INC,DATA SCIENTIST,130560,"SAN JOSE, CA",10/26/2015,10/26/2015,WITHDRAWN
WHOOP INC,DATA SCIENTIST,70000,"BOSTON, MA",10/23/2015,11/12/2015,CERTIFIED
ELECTRONIC ARTS INC,DATA SCIENTIST,110000,"REDWOOD CITY, CA",10/22/2015,11/1/2015,CERTIFIED
WORKDAY INC,DATA SCIENTIST,120000,"SAN FRANCISCO, CA",10/22/2015,11/2/2015,CERTIFIED
RECREATIONAL EQUIPMENT INC,DATA SCIENTIST,86362,"KENT, WA",10/21/2015,10/28/2015,CERTIFIED
URBAN ENGINES INC,DATA SCIENTIST,125000,"LOS ALTOS, CA",10/19/2015,11/1/2015,CERTIFIED
BOMBFELL INC,DATA SCIENTIST,101358,"NEW YORK, NY",10/16/2015,11/1/2015,CERTIFIED
MICROSOFT CORPORATION,DATA SCIENTIST,114248,"BELLEVUE, WA",10/16/2015,11/2/2015,CERTIFIED
MICROSOFT CORPORATION,DATA SCIENTIST,117000,"CAMBRIDGE, MA",10/16/2015,11/2/2015,CERTIFIED
MICROSOFT CORPORATION,DATA SCIENTIST,134721,"BELLEVUE, WA",10/15/2015,4/13/2016,CERTIFIED
HOME DEPOT USA INC,DATA SCIENTIST,100000,"ATLANTA, GA",10/14/2015,11/2/2015,CERTIFIED
BOMBFELL INC,DATA SCIENTIST,101358,"NEW YORK, NY",10/14/2015,11/1/2015,CERTIFIED
AFFINITY SOLUTIONS INC,DATA SCIENTIST,120000,"NEW YORK, NY",10/14/2015,10/30/2015,CERTIFIED
MICROSOFT CORPORATION,DATA SCIENTIST,132200,"CAMBRIDGE, MA",10/14/2015,4/9/2016,CERTIFIED
FEEDZAI INC,DATA SCIENTIST,80000,"SAN MATEO, CA",10/8/2015,10/19/2015,CERTIFIED
TENET EMPLOYMENT INC,DATA SCIENTIST,112000,"NASHVILLE, TN",10/8/2015,11/2/2015,CERTIFIED
JPMORGAN CHASE & CO,DATA SCIENTIST,120000,"NEW YORK, NY",10/8/2015,10/9/2015,CERTIFIED
JPMORGAN CHASE & CO,DATA SCIENTIST,120000,"NEW YORK, NY",10/6/2015,10/6/2015,WITHDRAWN
CUSTORA INC,DATA SCIENTIST,110000,"NEW YORK, NY",10/5/2015,10/15/2015,CERTIFIED
FACEBOOK INC,DATA SCIENTIST,130000,"MENLO PARK, CA",10/2/2015,10/12/2015,CERTIFIED
INTELLECT DESIGN ARENA INC,DATA SCIENTIST,90000,"JERSEY CITY, NJ",10/1/2015,10/9/2015,CERTIFIED
MICROSOFT CORPORATION,DATA SCIENTIST,129500,"REDMOND, WA",10/1/2015,10/12/2015,CERTIFIED
INTEL AMERICA'S,DATA SCIENTIST,115682,"SANTA CLARA, CA",9/30/2015,10/9/2015,CERTIFIED
AIRBNB INC,DATA SCIENTIST,150000,"SAN FRANCISCO, CA",9/29/2015,10/26/2015,CERTIFIED
FV USA LLC,DATA SCIENTIST,110000,"PALO ALTO, CA",9/28/2015,10/1/2015,CERTIFIED
FANATICS RETAIL GROUP FULFILLMENT INC,DATA SCIENTIST,155000,"SUNNYVALE, CA",9/28/2015,10/1/2015,CERTIFIED
IBM CORPORATION,DATA SCIENTIST,85000,"CLEVELAND, OH",9/25/2015,10/2/2015,CERTIFIED
IBM CORPORATION,DATA SCIENTIST,85000,"CLEVELAND, OH",9/24/2015,10/1/2015,CERTIFIED
IBM CORPORATION,DATA SCIENTIST,85000,"CLEVELAND, OH",9/24/2015,10/1/2015,CERTIFIED
ESURANCE INSURANCE SERVICES INC,DATA SCIENTIST,90000,"SAN FRANCISCO, CA",9/24/2015,12/10/2015,CERTIFIED
AIRBNB INC,DATA SCIENTIST,125000,"SAN FRANCISCO, CA",9/24/2015,10/26/2015,CERTIFIED
CIRCLEUP NETWORK INC,DATA SCIENTIST,77064,"SAN FRANCISCO, CA",9/23/2015,10/16/2015,CERTIFIED
IBM CORPORATION,DATA SCIENTIST,85000,"CLEVELAND, OH",9/23/2015,9/30/2015,CERTIFIED
UBER TECHNOLOGIES INC,DATA SCIENTIST,95000,"SAN FRANCISCO, CA",9/22/2015,9/25/2015,CERTIFIED
ZILLOW INC,DATA SCIENTIST,100000,"SEATTLE, WA",9/22/2015,10/1/2015,CERTIFIED
RELAYRIDES INC,DATA SCIENTIST,95264,"SAN FRANCISCO, CA",9/21/2015,10/1/2015,CERTIFIED
INSIGHT STRATEGY ADVISORS LLC,DATA SCIENTIST,110000,"NEW YORK, NY",9/21/2015,9/28/2015,CERTIFIED
IMPETUS TECHNOLOGIES INC,DATA SCIENTIST,140000,"NEW YORK, NY",9/21/2015,9/28/2015,CERTIFIED
ANCESTRYCOM OPERATIONS INC,DATA SCIENTIST,140000,"SAN FRANCISCO, CA",9/21/2015,10/1/2015,WITHDRAWN
ANCESTRYCOM OPERATIONS INC,DATA SCIENTIST,140000,"SAN FRANCISCO, CA",9/21/2015,10/1/2015,CERTIFIED
MICROSOFT CORPORATION,DATA SCIENTIST,125000,"REDMOND, WA",9/18/2015,9/27/2015,CERTIFIED
MICROSOFT CORPORATION,DATA SCIENTIST,131616,"BELLEVUE, WA",9/18/2015,3/11/2016,CERTIFIED
COURSERA INC,DATA SCIENTIST,135000,"MOUNTAIN VIEW, CA",9/18/2015,10/19/2015,CERTIFIED
GOOGLE INC,DATA SCIENTIST,126000,"MOUNTAIN VIEW, CA",9/17/2015,10/5/2015,CERTIFIED
ANCESTRYCOM OPERATIONS INC,DATA SCIENTIST,140000,"SAN FRANCISCO, CA",9/17/2015,10/5/2015,WITHDRAWN
WAYFAIR LLC,DATA SCIENTIST,59738,"BOSTON, MA",9/15/2015,10/19/2015,CERTIFIED
AIRBNB INC,DATA SCIENTIST,130000,"SAN FRANCISCO, CA",9/14/2015,10/5/2015,CERTIFIED
MICROSOFT CORPORATION,DATA SCIENTIST,118000,"REDMOND, WA",9/11/2015,9/21/2015,CERTIFIED
HUAMI INC,DATA SCIENTIST,130000,"SUNNYVALE, CA",9/11/2015,10/26/2015,CERTIFIED
VECTRA NETWORKS INC,DATA SCIENTIST,130000,"SAN JOSE, CA",9/8/2015,10/1/2015,CERTIFIED
BLUE APRON INC,DATA SCIENTIST,100000,"NEW YORK, NY",9/3/2015,9/28/2015,CERTIFIED
WAL-MART ASSOCIATES INC,DATA SCIENTIST,185000,"SAN BRUNO, CA",8/28/2015,9/14/2015,CERTIFIED
ZILLOW INC,DATA SCIENTIST,100000,"SEATTLE, WA",8/27/2015,10/1/2015,CERTIFIED
THUMBTACK INC,DATA SCIENTIST,138486,"SAN FRANCISCO, CA",8/26/2015,9/3/2015,CERTIFIED
DIGITAL REASONING SYSTEMS INC,DATA SCIENTIST,76718,"FRANKLIN, TN",8/25/2015,9/15/2015,CERTIFIED
PEGGED SOFTWARE,DATA SCIENTIST,98000,"NEW YORK, NY",8/21/2015,8/24/2015,CERTIFIED
LENDINGCLUB CORPORATION,DATA SCIENTIST,85000,"SAN FRANCISCO, CA",8/14/2015,8/24/2015,CERTIFIED
FACEBOOK INC,DATA SCIENTIST,130303,"MENLO PARK, CA",8/13/2015,11/9/2015,CERTIFIED
MAXPOINT INTERACTIVE INC,DATA SCIENTIST,82000,"AUSTIN, TX",8/12/2015,8/20/2015,CERTIFIED
VIRTUE GROUP LLC,DATA SCIENTIST,65500,"ALPHARETTA, GA",8/11/2015,8/11/2015,CERTIFIED
MICROSOFT CORPORATION,DATA SCIENTIST,121000,"REDMOND, WA",8/11/2015,10/1/2015,CERTIFIED
EVENTBRITE INC,DATA SCIENTIST,125000,"SAN FRANCISCO, CA",8/11/2015,8/17/2015,CERTIFIED
NOPSEC INC,DATA SCIENTIST,125000,"BROOKLYN, NY",8/10/2015,8/10/2015,CERTIFIED
MICROSOFT CORPORATION,DATA SCIENTIST,125000,"REDMOND, WA",8/7/2015,8/24/2015,CERTIFIED
ANCESTRYCOM OPERATIONS INC,DATA SCIENTIST,125000,"SAN FRANCISCO, CA",8/7/2015,8/24/2015,CERTIFIED
AUTODESK INC,DATA SCIENTIST,138486,"SAN FRANCISCO, CA",8/7/2015,10/1/2015,CERTIFIED
PEEL TECHNOLOGIES INC,DATA SCIENTIST,175000,"MOUNTAIN VIEW, CA",8/7/2015,8/25/2015,WITHDRAWN
PEEL TECHNOLOGIES INC,DATA SCIENTIST,175000,"MOUNTAIN VIEW, CA",8/7/2015,8/25/2015,CERTIFIED
MAPR TECHNOLOGIES INC,DATA SCIENTIST,115000,"COLUMBUS, OH",8/3/2015,8/10/2015,CERTIFIED
CAPITAL ONE NATIONAL ASSOCIATION,DATA SCIENTIST,106600,"NEW YORK, NY",7/31/2015,8/17/2015,CERTIFIED
MAGNETIC MEDIA ONLINE INC,DATA SCIENTIST,135000,"NEW YORK, NY",7/31/2015,8/17/2015,CERTIFIED
SMULE INC,DATA SCIENTIST,145000,"SAN FRANCISCO, CA",7/31/2015,8/17/2015,CERTIFIED
WAL-MART ASSOCIATES INC,DATA SCIENTIST,103130,"BENTONVILLE, AR",7/30/2015,1/12/2016,CERTIFIED
RESOLVE TECH SOLUTIONS INC,DATA SCIENTIST,115000,"ADDISON, TX",7/29/2015,7/29/2015,CERTIFIED
LIFTPOINT CONSULTING INC,DATA SCIENTIST,75000,"EDEN PRAIRIE, MN",7/28/2015,8/10/2015,CERTIFIED
FLURISH INC,DATA SCIENTIST,125000,"SAN FRANCISCO, CA",7/28/2015,8/10/2015,CERTIFIED
GWYNNIE BEE,DATA SCIENTIST,140000,"MOUNTAIN VIEW, CA",7/24/2015,8/3/2015,CERTIFIED
OPEX ANALYTICS LLC,DATA SCIENTIST,89440,"PALO ALTO, CA",7/23/2015,8/10/2015,CERTIFIED
CAESARS ENTERPRISE SERVICES LLC,DATA SCIENTIST,81245,"LAS VEGAS, NV",7/22/2015,10/11/2015,CERTIFIED
MAXPOINT INTERACTIVE INC,DATA SCIENTIST,82000,"MORRISVILLE, NC",7/17/2015,7/20/2015,CERTIFIED
MICROSOFT CORPORATION,DATA SCIENTIST,108704,"BELLEVUE, WA",7/16/2015,8/10/2015,CERTIFIED
THE GAP INC,DATA SCIENTIST,122200,"SAN FRANCISCO, CA",7/15/2015,9/30/2015,CERTIFIED
MAPLEBEAR INC,DATA SCIENTIST,165000,"SAN FRANCISCO, CA",7/15/2015,7/27/2015,CERTIFIED
MICROSOFT CORPORATION,DATA SCIENTIST,105000,"REDMOND, WA",7/10/2015,10/1/2015,CERTIFIED
CHEGG INC,DATA SCIENTIST,150000,"SANTA CLARA, CA",7/8/2015,7/20/2015,CERTIFIED
RADIUS INTELLIGENCE INC,DATA SCIENTIST,123594,"SAN FRANCISCO, CA",7/6/2015,8/3/2015,CERTIFIED
SQUARE INC,DATA SCIENTIST,105789,"SAN FRANCISCO, CA",7/2/2015,10/1/2015,CERTIFIED
FACEBOOK INC,DATA SCIENTIST,135000,"SEATTLE, WA",7/2/2015,7/27/2015,CERTIFIED
THE NIELSEN COMPANY (US) LLC,DATA SCIENTIST,85000,"NEW YORK, NY",7/1/2015,7/10/2015,CERTIFIED
CARDLYTICS INC,DATA SCIENTIST,107500,"ATLANTA, GA",7/1/2015,7/15/2015,CERTIFIED
STITCH FIX INC,DATA SCIENTIST,135000,"SAN FRANCISCO, CA",6/30/2015,7/7/2015,CERTIFIED
MICROSOFT CORPORATION,DATA SCIENTIST,133732,"REDMOND, WA",6/29/2015,11/5/2015,CERTIFIED
FACEBOOK INC,DATA SCIENTIST,145043,"NEW YORK, NY",6/26/2015,7/27/2015,CERTIFIED
EMC CORPORATION,DATA SCIENTIST,78480,"SANTA MONICA, CA",6/25/2015,8/17/2015,CERTIFIED
EXPEDIA INC,DATA SCIENTIST,95000,"BELLEVUE, WA",6/25/2015,7/6/2015,CERTIFIED
COLLECTIVE MEDIA INC,DATA SCIENTIST,125000,"NEW YORK, NY",6/25/2015,7/6/2015,CERTIFIED
SQUARE INC,DATA SCIENTIST,100880,"SAN FRANCISCO, CA",6/23/2015,7/6/2015,CERTIFIED
BUXTON CONSULTING INC,DATA SCIENTIST,118000,"FOSTER CITY, CA",6/18/2015,6/29/2015,CERTIFIED
FACEBOOK INC,DATA SCIENTIST,159492,"MENLO PARK, CA",6/18/2015,11/17/2015,CERTIFIED
ORACLE AMERICA INC,DATA SCIENTIST,73736,"WESTMINSTER, CO",6/16/2015,6/22/2015,CERTIFIED
LIVECAREER NA INC,DATA SCIENTIST,99000,"SAN FRANCISCO, CA",6/16/2015,6/18/2015,CERTIFIED
CSC HOLDINGS LLC,DATA SCIENTIST,100000,"SAN FRANCISCO, CA",6/12/2015,6/19/2015,CERTIFIED
ZYPMEDIA INC,DATA SCIENTIST,118061,"SAN FRANCISCO, CA",6/12/2015,6/17/2015,CERTIFIED
MICROSOFT CORPORATION,DATA SCIENTIST,111500,"REDMOND, WA",6/11/2015,7/6/2015,CERTIFIED
INTEGRAL AD SCIENCE INC,DATA SCIENTIST,125000,"NEW YORK, NY",6/11/2015,7/1/2015,CERTIFIED
MAPLEBEAR INC,DATA SCIENTIST,135000,"SAN FRANCISCO, CA",6/11/2015,6/22/2015,CERTIFIED
GLASSDOOR INC,DATA SCIENTIST,112000,"MILL VALLEY, CA",6/5/2015,7/6/2015,WITHDRAWN
GLASSDOOR INC,DATA SCIENTIST,112000,"MILL VALLEY, CA",6/5/2015,7/6/2015,CERTIFIED
MOVE LOOT INC,DATA SCIENTIST,100000,"SAN FRANCISCO, CA",6/2/2015,6/8/2015,CERTIFIED
FACEBOOK INC,DATA SCIENTIST,135000,"MENLO PARK, CA",6/2/2015,6/15/2015,CERTIFIED
DATO INC,DATA SCIENTIST,80000,"SEATTLE, WA",6/1/2015,6/11/2015,CERTIFIED
MOVE LOOT INC,DATA SCIENTIST,100000,"SAN FRANCISCO, CA",6/1/2015,6/8/2015,WITHDRAWN
ROKU INC,DATA SCIENTIST,130000,"NEW YORK, NY",6/1/2015,6/8/2015,CERTIFIED
MOVE LOOT INC,DATA SCIENTIST,100000,"SAN FRANCISCO, CA",5/29/2015,6/8/2015,WITHDRAWN
WAL-MART ASSOCIATES INC,DATA SCIENTIST,129979,"SUNNYVALE, CA",5/29/2015,9/27/2015,CERTIFIED
AMADEUS NORTH AMERICA INC,DATA SCIENTIST,100000,"WALTHAM, MA",5/28/2015,6/1/2015,CERTIFIED
DEALER DOT COM INC,DATA SCIENTIST,130000,"EDISON, NJ",5/28/2015,7/6/2015,CERTIFIED
EVERQUOTE INC,DATA SCIENTIST,60000,"CAMBRIDGE, MA",5/22/2015,6/1/2015,CERTIFIED
MOVE LOOT INC,DATA SCIENTIST,100000,"SAN FRANCISCO, CA",5/21/2015,6/1/2015,DENIED
ORACLE AMERICA INC,DATA SCIENTIST,46800,"WESTMINSTER, CO",5/20/2015,5/25/2015,CERTIFIED
BLUE JEANS NETWORK INC,DATA SCIENTIST,135000,"MOUNTAIN VIEW, CA",5/19/2015,6/1/2015,CERTIFIED
OUTRAGEOUS LABS INC,DATA SCIENTIST,135000,"SAN FRANCISCO, CA",5/19/2015,5/25/2015,CERTIFIED
INTEL CORPORATION,DATA SCIENTIST,115693,"SANTA CLARA, CA",5/18/2015,5/28/2015,CERTIFIED
INTERCEPT INTERACTIVE INC,DATA SCIENTIST,115000,"SAN FRANCISCO, CA",5/15/2015,5/26/2015,CERTIFIED
AUDIBLE INC,DATA SCIENTIST,135000,"NEWARK, NJ",5/15/2015,6/1/2015,CERTIFIED
MAPLEBEAR INC,DATA SCIENTIST,150000,"SAN FRANCISCO, CA",5/14/2015,6/1/2015,CERTIFIED
MACHINE ZONE INC,DATA SCIENTIST,116480,"PALO ALTO, CA",5/13/2015,5/19/2015,CERTIFIED
MORNINGSTAR INC (HELLOWALLET A MORNINGSTAR COMPANY),DATA SCIENTIST,120000,"WASHINGTON, DC",5/12/2015,6/1/2015,CERTIFIED
THUMBTACK INC,DATA SCIENTIST,133515,"SAN FRANCISCO, CA",5/12/2015,5/19/2015,CERTIFIED
MOVE LOOT INC,DATA SCIENTIST,100000,"SAN FRANCISCO, CA",5/11/2015,5/25/2015,DENIED
BLUE JEANS NETWORK INC,DATA SCIENTIST,107000,"MOUNTAIN VIEW, CA",5/9/2015,5/15/2015,CERTIFIED
ANTUIT INC,DATA SCIENTIST,110000,"NEW YORK, NY",5/8/2015,5/11/2015,CERTIFIED
ANTUIT INC,DATA SCIENTIST,110000,"NEW YORK, NY",5/8/2015,5/11/2015,CERTIFIED
EARNEST INC,DATA SCIENTIST,120000,"SAN FRANCISCO, CA",5/8/2015,5/18/2015,CERTIFIED
6 SENSE INSIGHTS INC,DATA SCIENTIST,85946,"SAN FRANCISCO, CA",5/7/2015,5/18/2015,CERTIFIED
FACEBOOK INC,DATA SCIENTIST,105000,"MENLO PARK, CA",5/7/2015,6/1/2015,CERTIFIED
APPLE INC,DATA SCIENTIST,120000,"CUPERTINO, CA",5/7/2015,5/20/2015,CERTIFIED
AUDIBLE INC,DATA SCIENTIST,120000,"NEWARK, NJ",5/7/2015,5/26/2015,CERTIFIED
6 SENSE INSIGHTS INC,DATA SCIENTIST,85946,"SAN FRANCISCO, CA",5/6/2015,5/18/2015,CERTIFIED
GROUPON INC,DATA SCIENTIST,120000,"PALO ALTO, CA",5/6/2015,10/1/2015,CERTIFIED
MICROSOFT CORPORATION,DATA SCIENTIST,133478,"BELLEVUE, WA",5/6/2015,10/1/2015,CERTIFIED
SMARTER TRAVEL MEDIA LLC,DATA SCIENTIST,86445,"BOSTON, MA",5/5/2015,5/14/2015,CERTIFIED
UBER TECHNOLOGIES INC,DATA SCIENTIST,100000,"SAN FRANCISCO, CA",5/5/2015,5/11/2015,CERTIFIED
YAHOO! INC,DATA SCIENTIST,131269,"SUNNYVALE, CA",5/5/2015,8/26/2015,CERTIFIED
LYFT,DATA SCIENTIST,150000,"SAN FRANCISCO, CA",5/5/2015,5/26/2015,CERTIFIED
MERCK SHARP & DOHME CORP,DATA SCIENTIST,70637,"NORTH WALES, PA",5/4/2015,5/15/2015,CERTIFIED
EMC CORPORATION,DATA SCIENTIST,80750,"HOPKINTON, MA",4/29/2015,9/10/2015,CERTIFIED
6 SENSE INSIGHTS INC,DATA SCIENTIST,85946,"SAN FRANCISCO, CA",4/29/2015,5/18/2015,CERTIFIED
ADOBE SYSTEMS INCORPORATED,DATA SCIENTIST,133099,"SAN JOSE, CA",4/28/2015,6/1/2015,CERTIFIED
PUBMATIC INC,DATA SCIENTIST,133515,"REDWOOD CITY, CA",4/28/2015,5/5/2015,CERTIFIED
INSTITUTE OF GAS TECHNOLOGY,DATA SCIENTIST,110000,"DES PLAINES, IL",4/24/2015,6/1/2015,CERTIFIED
INSTITUTE OF GAS TECHNOLOGY,DATA SCIENTIST,110000,"DES PLAINES, IL",4/24/2015,6/1/2015,CERTIFIED
HOUGHTON MIFFLIN HARCOURT PUBLISHING COMPANY,DATA SCIENTIST,120000,"BOSTON, MA",4/23/2015,4/28/2015,CERTIFIED
ON DECK CAPITAL INC,DATA SCIENTIST,115000,"NEW YORK, NY",4/21/2015,5/1/2015,CERTIFIED
FACEBOOK INC,DATA SCIENTIST,105000,"MENLO PARK, CA",4/20/2015,5/18/2015,CERTIFIED
ZILLOW INC,DATA SCIENTIST,120000,"SEATTLE, WA",4/20/2015,4/27/2015,CERTIFIED
AGILONE INC,DATA SCIENTIST,100000,"SUNNYVALE, CA",4/17/2015,4/23/2015,CERTIFIED
ALTERIAN INC,DATA SCIENTIST,82000,"SEATTLE, WA",4/15/2015,10/1/2015,CERTIFIED
KPMG LLP,DATA SCIENTIST,93912,"NEW YORK, NY",4/15/2015,4/23/2015,CERTIFIED
BAZAARVOICE INC,DATA SCIENTIST,85000,"AUSTIN, TX",4/14/2015,9/28/2015,CERTIFIED
CIGNIFI INC,DATA SCIENTIST,90000,"NATICK, MA",4/10/2015,5/1/2015,CERTIFIED
QUICKEN LOANS INC,DATA SCIENTIST,115500,"HUNTINGTON BEACH, CA",4/10/2015,4/10/2015,CERTIFIED
SYMPHONY TELECA SERVICES INC,DATA SCIENTIST,112000,"PLANO, TX",4/8/2015,4/10/2015,CERTIFIED
CIGNIFI INC,DATA SCIENTIST,90000,"NATICK, MA",4/7/2015,4/27/2015,DENIED
APPLE INC,DATA SCIENTIST,145000,"CUPERTINO, CA",4/7/2015,4/21/2015,CERTIFIED
APPNEXUS INC,DATA SCIENTIST,107750,"NEW YORK, NY",4/3/2015,10/1/2015,CERTIFIED
EVERQUOTE INC,DATA SCIENTIST,80000,"CAMBRIDGE, MA",4/2/2015,7/14/2015,CERTIFIED
HONEST BUILDINGS INC,DATA SCIENTIST,115000,"NEW YORK, NY",3/31/2015,4/13/2015,CERTIFIED
MCKINSEY & COMPANY INC UNITED STATES,DATA SCIENTIST,131860,"WALTHAM, MA",3/30/2015,8/15/2015,CERTIFIED
THINKECO INC,DATA SCIENTIST,80000,"NEW YORK, NY",3/30/2015,9/27/2015,CERTIFIED
SANDOKAN SOLUTIONS LLC,DATA SCIENTIST,68952,"MT LAUREL, NJ",3/28/2015,9/27/2015,CERTIFIED
AVVO INC,DATA SCIENTIST,95000,"SEATTLE, WA",3/27/2015,4/13/2015,CERTIFIED
PIXALATE INC,DATA SCIENTIST,70000,"SANTA MONICA, CA",3/26/2015,9/24/2015,CERTIFIED
COMPUBAHN INC,DATA SCIENTIST,73550,"BETHESDA, MD",3/26/2015,9/24/2015,CERTIFIED
FPT USA CORP,DATA SCIENTIST,87277,"EL SEGUNDO, CA",3/26/2015,9/25/2015,CERTIFIED
REVON SYSTEMS LLC,DATA SCIENTIST,110000,"CRESTWOOD, KY",3/26/2015,9/25/2015,CERTIFIED
MICROSOFT CORPORATION,DATA SCIENTIST,112500,"REDMOND, WA",3/26/2015,3/30/2015,CERTIFIED
VASTCOM INC,DATA SCIENTIST,120100,"AUSTIN, TX",3/26/2015,9/24/2015,CERTIFIED
DATAROBOT INC,DATA SCIENTIST,169000,"BOSTON, MA",3/26/2015,4/1/2015,CERTIFIED
SCHLUMBERGER TECHNOLOGY CORPORATION,DATA SCIENTIST,79186,"HOUSTON, TX",3/25/2015,9/20/2015,CERTIFIED
PREMISE DATA CORPORATION,DATA SCIENTIST,100000,"SAN FRANCISCO, CA",3/25/2015,9/15/2015,CERTIFIED
MICROSOFT CORPORATION,DATA SCIENTIST,105000,"REDMOND, WA",3/25/2015,9/24/2015,CERTIFIED
GRIDXINC,DATA SCIENTIST,110000,"MILPITAS, CA",3/25/2015,4/6/2015,CERTIFIED
MICROSOFT CORPORATION,DATA SCIENTIST,123000,"REDMOND, WA",3/25/2015,9/24/2015,CERTIFIED
XACTWARE SOLUTIONS INC,DATA SCIENTIST,65000,"LEHI, UT",3/24/2015,9/15/2015,CERTIFIED
REPUBLICAN NATIONAL COMMITTEE,DATA SCIENTIST,75000,"WASHINGTON, DC",3/24/2015,6/1/2015,CERTIFIED
SCHLUMBERGER TECHNOLOGY CORPORATION,DATA SCIENTIST,81224,"HOUSTON, TX",3/24/2015,9/20/2015,CERTIFIED
SUMO LOGIC INC,DATA SCIENTIST,160000,"REDWOOD CITY, CA",3/24/2015,4/1/2015,CERTIFIED
DSTILLERY INC,DATA SCIENTIST,100000,"NEW YORK, NY",3/23/2015,9/22/2015,CERTIFIED
LUXE VALET INC,DATA SCIENTIST,110000,"SAN FRANCISCO, CA",3/23/2015,9/19/2015,CERTIFIED
MICROSOFT CORPORATION,DATA SCIENTIST,124000,"MOUNTAIN VIEW, CA",3/23/2015,9/20/2015,CERTIFIED
VECTRA NETWORKS INC,DATA SCIENTIST,130000,"SAN JOSE, CA",3/23/2015,9/15/2015,CERTIFIED
TRACEVECTOR INC,DATA SCIENTIST,130000,"SAN JOSE, CA",3/23/2015,9/15/2015,WITHDRAWN
XACTLY CORPORATION,DATA SCIENTIST,157602,"SAN JOSE, CA",3/23/2015,3/30/2015,CERTIFIED
ELANCE-ODESK INC,DATA SCIENTIST,160000,"MOUNTAIN VIEW, CA",3/23/2015,9/18/2015,CERTIFIED
FACEBOOK INC,DATA SCIENTIST,170000,"MENLO PARK, CA",3/23/2015,4/20/2015,CERTIFIED
GUMGUM INC,DATA SCIENTIST,115000,"SANTA MONICA, CA",3/22/2015,4/20/2015,CERTIFIED
ORACLE AMERICA INC,DATA SCIENTIST,46800,"WESTMINSTER, CO",3/20/2015,9/16/2015,CERTIFIED
WEBLINC CORP,DATA SCIENTIST,62525,"PHILADELPHIA, PA",3/20/2015,9/19/2015,CERTIFIED
SYMPHONY TELECA SERVICES INC,DATA SCIENTIST,94931,"PLANO, TX",3/20/2015,8/15/2015,CERTIFIED
AIRPR INC,DATA SCIENTIST,117749,"SAN FRANCISCO, CA",3/20/2015,3/20/2015,CERTIFIED
PINTEREST INC,DATA SCIENTIST,126900,"SAN FRANCISCO, CA",3/20/2015,3/27/2015,CERTIFIED
4RC IO LLC,DATA SCIENTIST,130000,"MCLEAN, VA",3/19/2015,3/25/2015,CERTIFIED
SONY NETWORK ENTERTAINMENT INTERNATIONAL LLC,DATA SCIENTIST,86237,"SAN MATEO, CA",3/19/2015,9/17/2015,CERTIFIED
MOTOROLA SOLUTIONS INC,DATA SCIENTIST,94200,"SALT LAKE CITY, UT",3/19/2015,9/17/2015,CERTIFIED
CONSULTADD INC,DATA SCIENTIST,105000,"JERSEY CITY, NJ",3/19/2015,9/1/2015,CERTIFIED
CONSULTADD INC,DATA SCIENTIST,105000,"JERSEY CITY, NJ",3/19/2015,9/1/2015,CERTIFIED
CONSULTADD INC,DATA SCIENTIST,105000,"JERSEY CITY, NJ",3/19/2015,9/1/2015,CERTIFIED
CONSULTADD INC,DATA SCIENTIST,105000,"JERSEY CITY, NJ",3/19/2015,9/1/2015,CERTIFIED
UBER TECHNOLOGIES INC,DATA SCIENTIST,110000,"SAN FRANCISCO, CA",3/19/2015,3/26/2015,CERTIFIED
JPMORGAN CHASE & CO,DATA SCIENTIST,115000,"NEW YORK, NY",3/19/2015,9/15/2015,CERTIFIED
MICROSOFT CORPORATION,DATA SCIENTIST,123000,"CAMBRIDGE, MA",3/19/2015,9/18/2015,CERTIFIED
AIRBNB INC,DATA SCIENTIST,130000,"SAN FRANCISCO, CA",3/19/2015,4/1/2015,CERTIFIED
AIRBNB INC,DATA SCIENTIST,135000,"SAN FRANCISCO, CA",3/19/2015,8/1/2015,CERTIFIED
CROWDSKOUT LLC,DATA SCIENTIST,60000,"WASHINGTON, DC",3/18/2015,9/17/2015,CERTIFIED
SANDOKAN SOLUTIONS LLC,DATA SCIENTIST,68952,"MT LAUREL, NJ",3/18/2015,9/17/2015,CERTIFIED
MASHWORK INC,DATA SCIENTIST,75000,"NEW YORK, NY",3/18/2015,9/17/2015,CERTIFIED
FARMER'S BUSINESS NETWORK INC,DATA SCIENTIST,90000,"SAN CARLOS, CA",3/18/2015,9/15/2015,CERTIFIED
KPMG LLP,DATA SCIENTIST,95000,"CHICAGO, IL",3/18/2015,9/16/2015,CERTIFIED
EXPERIAN INFORMATION SOLUTIONS INC,DATA SCIENTIST,107000,"SAN DIEGO, CA",3/18/2015,9/17/2015,CERTIFIED
MICROSOFT CORPORATION,DATA SCIENTIST,112500,"REDMOND, WA",3/18/2015,9/17/2015,CERTIFIED
MICROSOFT CORPORATION,DATA SCIENTIST,123000,"BELLEVUE, WA",3/18/2015,9/17/2015,CERTIFIED
ON DECK CAPITAL INC,DATA SCIENTIST,75000,"NEW YORK, NY",3/17/2015,9/1/2015,CERTIFIED
AUTOMOTIVEMASTERMIND LLC,DATA SCIENTIST,80000,"NEW YORK, NY",3/17/2015,9/1/2015,CERTIFIED
ALIVIA CAPITAL LLC,DATA SCIENTIST,90000,"WOBURN, MA",3/17/2015,9/5/2015,CERTIFIED
SLALOM LLC,DATA SCIENTIST,90000,"ATLANTA, GA",3/17/2015,9/11/2015,CERTIFIED
ALEVO INC,DATA SCIENTIST,92000,"CONCORD, NC",3/17/2015,9/16/2015,CERTIFIED
VISUAL IQ INC,DATA SCIENTIST,105000,"NEEDHAM, MA",3/17/2015,9/10/2015,CERTIFIED
HERE NORTH AMERICA LLC,DATA SCIENTIST,110000,"SEATTLE, WA",3/17/2015,9/9/2015,CERTIFIED
EXPERIAN INFORMATION SOLUTIONS INC,DATA SCIENTIST,110000,"SAN DIEGO, CA",3/17/2015,9/15/2015,CERTIFIED
BLOOMBERG LP,DATA SCIENTIST,110000,"PRINCETON, NJ",3/17/2015,4/6/2015,CERTIFIED
PINTEREST INC,DATA SCIENTIST,111500,"SAN FRANCISCO, CA",3/17/2015,3/24/2015,CERTIFIED
RUTHS ANALYTICS AND INNOVATION LLC,DATA SCIENTIST,119276,"HOUSTON, TX",3/17/2015,9/11/2015,CERTIFIED
HORTONWORKS INC,DATA SCIENTIST,125000,"SANTA CLARA, CA",3/17/2015,9/8/2015,CERTIFIED
WAL-MART ASSOCIATES INC,DATA SCIENTIST,135000,"SUNNYVALE, CA",3/17/2015,9/16/2015,CERTIFIED
LIVE NATION WORLDWIDE INC,DATA SCIENTIST,87277,"HOLLYWOOD, CA",3/16/2015,9/9/2015,CERTIFIED
PEBBLE TECHNOLOGY CORP,DATA SCIENTIST,90000,"PALO ALTO, CA",3/16/2015,9/15/2015,CERTIFIED
AMERICAN EXPRESS COMPANY,DATA SCIENTIST,105000,"NEW YORK, NY",3/16/2015,9/12/2015,CERTIFIED
AMERICAN EXPRESS TRS CO INC,DATA SCIENTIST,105000,"NEW YORK, NY",3/16/2015,9/12/2015,CERTIFIED
DRAWBRIDGE INC,DATA SCIENTIST,110000,"SAN MATEO, CA",3/16/2015,9/1/2015,CERTIFIED
AUDIBLE INC,DATA SCIENTIST,115000,"NEWARK, NJ",3/16/2015,9/15/2015,CERTIFIED
DAVOCADO LLC,DATA SCIENTIST,115000,"TACOMA, WA",3/16/2015,9/12/2015,CERTIFIED
FPT USA CORP,DATA SCIENTIST,87277,"EL SEGUNDO, CA",3/14/2015,9/13/2015,CERTIFIED
NEXTECH SOLUTIONS,DATA SCIENTIST,70000,"COLLIERVILLE, TN",3/13/2015,9/10/2015,CERTIFIED
CIVICSCIENCE INC,DATA SCIENTIST,57500,"PITTSBURGH, PA",3/13/2015,9/6/2015,WITHDRAWN
CIVICSCIENCE INC,DATA SCIENTIST,57500,"PITTSBURGH, PA",3/13/2015,9/6/2015,CERTIFIED
TRUSTED PATTERNS INC,DATA SCIENTIST,90000,"SANTA CLARA, CA",3/13/2015,9/4/2015,CERTIFIED
HIREKU INC,DATA SCIENTIST,100000,"PITTSBURGH, PA",3/13/2015,9/12/2015,CERTIFIED
HIREKU,DATA SCIENTIST,100000,"PITTSBURGH, PA",3/13/2015,9/12/2015,CERTIFIED
AUDIBLE INC,DATA SCIENTIST,115000,"NEWARK, NJ",3/13/2015,9/12/2015,CERTIFIED
ELANCE-ODESK INC,DATA SCIENTIST,160000,"MOUNTAIN VIEW, CA",3/13/2015,9/10/2015,WITHDRAWN
OWNERIQ INC,DATA SCIENTIST,63500,"BOSTON, MA",3/12/2015,9/11/2015,CERTIFIED
QCUE INC,DATA SCIENTIST,67000,"AUSTIN, TX",3/12/2015,3/13/2015,CERTIFIED
MONEYLION INC,DATA SCIENTIST,75000,"NEW YORK, NY",3/12/2015,9/9/2015,CERTIFIED
REELIO LABS LLC,DATA SCIENTIST,80000,"NEW YORK, NY",3/12/2015,9/8/2015,CERTIFIED
GROUPON INC,DATA SCIENTIST,85000,"PALO ALTO, CA",3/12/2015,9/1/2015,CERTIFIED
CMI MARKETING INC,DATA SCIENTIST,95000,"NEW YORK, NY",3/12/2015,9/10/2015,CERTIFIED
XOOM CORPORATION,DATA SCIENTIST,110000,"SAN FRANCISCO, CA",3/12/2015,9/11/2015,CERTIFIED
MICROSOFT CORPORATION,DATA SCIENTIST,112500,"BELLEVUE, WA",3/12/2015,9/10/2015,CERTIFIED
MACHINE ZONE INC,DATA SCIENTIST,116480,"PALO ALTO, CA",3/12/2015,9/9/2015,CERTIFIED
AXON VIBE INC,DATA SCIENTIST,120000,"NEW YORK, NY",3/12/2015,9/11/2015,CERTIFIED
FACEBOOK INC,DATA SCIENTIST,130000,"MENLO PARK, CA",3/12/2015,3/23/2015,CERTIFIED
FACEBOOK INC,DATA SCIENTIST,149575,"MENLO PARK, CA",3/12/2015,9/9/2015,CERTIFIED
BEHAVIORMATRIX LLC,DATA SCIENTIST,85000,"BLUE BELL, PA",3/11/2015,9/10/2015,CERTIFIED
YELLOWPAGESCOM LLC,DATA SCIENTIST,100000,"NEW YORK, NY",3/11/2015,8/2/2015,CERTIFIED
SUNING COMMERCE R&D CENTER,DATA SCIENTIST,100000,"PALO ALTO, CA",3/11/2015,9/5/2015,CERTIFIED
CERNER CORPORATION,DATA SCIENTIST,101000,"NORTH KANSAS CITY, MO",3/11/2015,8/16/2015,CERTIFIED
GINGERIO INC,DATA SCIENTIST,110000,"SAN FRANCISCO, CA",3/11/2015,9/8/2015,CERTIFIED
SUNING COMMERCE R&D CENTER,DATA SCIENTIST,110000,"PALO ALTO, CA",3/11/2015,9/5/2015,CERTIFIED
TAPAD INC,DATA SCIENTIST,119500,"NEW YORK, NY",3/11/2015,9/1/2015,CERTIFIED
CONEXLINK LLC,DATA SCIENTIST,50731,"CARROLLTON, TX",3/10/2015,9/8/2015,CERTIFIED
DATALINE INC,DATA SCIENTIST,62816,"PRINCETON, NJ",3/10/2015,9/9/2015,CERTIFIED
INTUIT INC,DATA SCIENTIST,70033,"MOUNTAIN VIEW, CA",3/10/2015,9/6/2015,CERTIFIED
NEXMO INC,DATA SCIENTIST,75000,"SAN FRANCISCO, CA",3/10/2015,9/5/2015,CERTIFIED
NORDSTROM INC,DATA SCIENTIST,78000,"SEATTLE, WA",3/10/2015,9/8/2015,CERTIFIED
ACCENTURE LLP,DATA SCIENTIST,86700,"ATLANTA, GA",3/10/2015,8/26/2015,CERTIFIED
ACCOMPLICE INC,DATA SCIENTIST,90000,"SAN FRANCISCO, CA",3/10/2015,9/9/2015,CERTIFIED
APIGEE CORPORATION,DATA SCIENTIST,91000,"SAN JOSE, CA",3/10/2015,9/4/2015,CERTIFIED
INTEL CORPORATION,DATA SCIENTIST,99653,"HILLSBORO, OR",3/10/2015,9/3/2015,CERTIFIED
MEOW GLOBAL NETWORKS INC,DATA SCIENTIST,125000,"LOS ANGELES, CA",3/10/2015,9/1/2015,CERTIFIED
EVERBANK,DATA SCIENTIST,55550,"JACKSONVILLE, FL",3/9/2015,9/8/2015,CERTIFIED
EVERQUOTE INC,DATA SCIENTIST,60000,"CAMBRIDGE, MA",3/9/2015,9/6/2015,CERTIFIED
FPT USA CORP,DATA SCIENTIST,87277,"EL SEGUNDO, CA",3/9/2015,9/6/2015,CERTIFIED
INOVANT LLC,DATA SCIENTIST,87400,"FOSTER CITY, CA",3/9/2015,9/1/2015,CERTIFIED
TRIPADVISOR LLC,DATA SCIENTIST,90000,"NEWTON, MA",3/9/2015,9/1/2015,CERTIFIED
LINKEDIN CORPORATION,DATA SCIENTIST,93000,"MOUNTAIN VIEW, CA",3/9/2015,9/8/2015,CERTIFIED
THE NEW YORK TIMES COMPANY,DATA SCIENTIST,115000,"NEW YORK, NY",3/9/2015,9/5/2015,CERTIFIED
VISIBLE WORLD INC,DATA SCIENTIST,127000,"NEW YORK, NY",3/9/2015,9/8/2015,CERTIFIED
QUANTIFIND INC,DATA SCIENTIST,135000,"MENLO PARK, CA",3/9/2015,9/1/2015,CERTIFIED
FACEBOOK INC,DATA SCIENTIST,140000,"WASHINGTON, DC",3/9/2015,9/6/2015,CERTIFIED
BAIDU USA LLC,DATA SCIENTIST,205000,"SUNNYVALE, CA",3/9/2015,9/2/2015,CERTIFIED
QUANTIFIND INC,DATA SCIENTIST,135000,"MENLO PARK, CA",3/8/2015,9/1/2015,WITHDRAWN
SEGMINT INC,DATA SCIENTIST,54142,"AKRON, OH",3/6/2015,9/5/2015,CERTIFIED
SIMULMEDIA INC,DATA SCIENTIST,75000,"NEW YORK, NY",3/6/2015,9/3/2015,CERTIFIED
CA INC,DATA SCIENTIST,90000,"SAN DIEGO, CA",3/6/2015,9/3/2015,CERTIFIED
EGNYTE INC,DATA SCIENTIST,93974,"MOUNTAIN VIEW, CA",3/6/2015,9/1/2015,CERTIFIED
MICROSOFT CORPORATION,DATA SCIENTIST,102000,"REDMOND, WA",3/6/2015,3/7/2015,CERTIFIED
CLEARSLIDE INC,DATA SCIENTIST,110000,"SAN FRANCISCO, CA",3/6/2015,9/4/2015,CERTIFIED
SUPPLY FRAME INC,DATA SCIENTIST,110000,"PASADENA, CA",3/6/2015,9/4/2015,CERTIFIED
MACHINE ZONE INC,DATA SCIENTIST,116480,"PALO ALTO, CA",3/6/2015,3/12/2015,CERTIFIED
TUBEMOGUL INC,DATA SCIENTIST,120000,"EMERYVILLE, CA",3/6/2015,8/27/2015,CERTIFIED
ALIVECOR INC,DATA SCIENTIST,120000,"SAN FRANCISCO, CA",3/6/2015,9/4/2015,CERTIFIED
SOVRN HOLDINGS INC,DATA SCIENTIST,45150,"BOULDER, CO",3/5/2015,9/4/2015,CERTIFIED
INTUIT INC,DATA SCIENTIST,70033,"MOUNTAIN VIEW, CA",3/5/2015,7/30/2015,CERTIFIED
KIRANAM TECHNOLOGIES INC,DATA SCIENTIST,72530,"IRVING, TX",3/5/2015,9/3/2015,CERTIFIED
AUDIENCE MEDIA LLC,DATA SCIENTIST,87277,"PASADENA, CA",3/5/2015,9/4/2015,CERTIFIED
SENZARI INC,DATA SCIENTIST,94000,"MIAMI, FL",3/5/2015,9/1/2015,CERTIFIED
CELECT INC,DATA SCIENTIST,95000,"BOSTON, MA",3/5/2015,9/2/2015,CERTIFIED
CYLANCE INC,DATA SCIENTIST,103400,"IRVINE, CA",3/5/2015,9/1/2015,CERTIFIED
QUID INC,DATA SCIENTIST,110000,"SAN FRANCISCO, CA",3/5/2015,8/29/2015,CERTIFIED
SANO INTELLIGENCE INC,DATA SCIENTIST,117230,"SAN FRANCISCO, CA",3/5/2015,8/2/2015,WITHDRAWN
SANO INTELLIGENCE INC,DATA SCIENTIST,117230,"SAN FRANCISCO, CA",3/5/2015,8/2/2015,CERTIFIED
WORKDAY INC,DATA SCIENTIST,118061,"SAN FRANCISCO, CA, CA",3/5/2015,8/25/2015,CERTIFIED
EDATAFORCE CONSULTING LLC,DATA SCIENTIST,124800,"NEW YORK, NY",3/5/2015,9/4/2015,CERTIFIED
OMAZE INC,DATA SCIENTIST,125000,"VENICE, CA",3/5/2015,9/4/2015,CERTIFIED
FRACTAL ANALYTICS INC,DATA SCIENTIST,62795,"JERSEY CITY, NJ",3/4/2015,9/1/2015,CERTIFIED
VIGILANZ CORPORATION,DATA SCIENTIST,91125,"MINNEAPOLIS, MN",3/4/2015,9/3/2015,CERTIFIED
TRANS-FAST REMITTANCE LLC,DATA SCIENTIST,92000,"NEW YORK, NY",3/4/2015,8/1/2015,CERTIFIED
LINKEDIN CORPORATION,DATA SCIENTIST,93000,"MOUNTAIN VIEW, CA",3/4/2015,9/3/2015,CERTIFIED
HIREKU,DATA SCIENTIST,100000,"PITTSBURGH, PA",3/4/2015,9/3/2015,CERTIFIED
HIREKU,DATA SCIENTIST,100000,"PITTSBURGH, PA",3/4/2015,9/3/2015,CERTIFIED
CYLANCE INC,DATA SCIENTIST,103400,"IRVINE, CA",3/4/2015,3/9/2015,WITHDRAWN
APPNEXUS INC,DATA SCIENTIST,135000,"NEW YORK CITY, NY",3/4/2015,9/2/2015,CERTIFIED
RADIUS INTELLIGENCE INC,DATA SCIENTIST,136573,"SAN FRANCISCO, CA",3/4/2015,9/1/2015,CERTIFIED
AIRBNB INC,DATA SCIENTIST,140000,"SAN FRANCISCO, CA",3/4/2015,3/23/2015,CERTIFIED
POSHMARK INC,DATA SCIENTIST,160000,"MENLO PARK, CA",3/4/2015,3/18/2015,CERTIFIED
ADOBE SYSTEMS INCORPORATED,DATA SCIENTIST,183066,"SAN JOSE, CA",3/4/2015,8/6/2015,CERTIFIED
RIFINITI INC,DATA SCIENTIST,63045,"BOSTON, MA",3/3/2015,9/2/2015,CERTIFIED
RIFINITI INC,DATA SCIENTIST,63045,"BOSTON, MA",3/3/2015,9/2/2015,CERTIFIED
AIRSAGE INC,DATA SCIENTIST,85000,"ATLANTA, GA",3/3/2015,9/2/2015,CERTIFIED
MARK ONE LIFESTYLE INC,DATA SCIENTIST,100000,"SAN FRANCISCO, CA",3/3/2015,9/2/2015,CERTIFIED
JOTTER INC,DATA SCIENTIST,100000,"MENLO PARK, CA",3/3/2015,9/2/2015,CERTIFIED
AGILONE INC,DATA SCIENTIST,100000,"SUNNYVALE, CA",3/3/2015,8/24/2015,CERTIFIED
FACEBOOK INC,DATA SCIENTIST,110000,"MENLO PARK, CA",3/3/2015,9/1/2015,CERTIFIED
AGILONE INC,DATA SCIENTIST,110000,"SUNNYVALE, CA",3/3/2015,8/24/2015,CERTIFIED
GO DADDYCOM LLC,DATA SCIENTIST,115000,"SUNNYVALE, CA",3/3/2015,9/2/2015,CERTIFIED
BLUESTAR TECHNOLOGY SOLUTIONS LLC,DATA SCIENTIST,115000,"NEW YORK, NY",3/3/2015,9/2/2015,CERTIFIED
SANO INTELLIGENCE INC,DATA SCIENTIST,117230,"SAN FRANCISCO, CA",3/3/2015,8/2/2015,WITHDRAWN
UPLIFT INC,DATA SCIENTIST,120000,"SUNNYVALE, CA",3/3/2015,9/1/2015,CERTIFIED
ROBERT BOSCH LLC,DATA SCIENTIST,127000,"PALO ALTO, CA",3/3/2015,8/27/2015,CERTIFIED
VANTAGE MEDIA LLC,DATA SCIENTIST,65000,"EL SEGUNDO, CA",3/2/2015,9/1/2015,CERTIFIED
ADP LLC,DATA SCIENTIST,77022,"ROSELAND, NJ",3/2/2015,8/18/2015,CERTIFIED
HOOKLOGIC INC,DATA SCIENTIST,90000,"NEW YORK, NY",3/2/2015,9/1/2015,CERTIFIED
YASME SOFT INC,DATA SCIENTIST,90000,"IRVING, TX",3/2/2015,3/16/2015,CERTIFIED
C3 INC,DATA SCIENTIST,95000,"REDWOOD CITY, CA",3/2/2015,8/23/2015,CERTIFIED
RELAYRIDES INC,DATA SCIENTIST,100000,"SAN FRANCISCO, CA",3/2/2015,8/29/2015,CERTIFIED
LIVINGSOCIAL INC,DATA SCIENTIST,120000,"WASHINGTON, DC",3/2/2015,8/24/2015,CERTIFIED
ROBERT BOSCH LLC,DATA SCIENTIST,125000,"PALO ALTO, CA",3/2/2015,8/28/2015,CERTIFIED
MERCARI INC,DATA SCIENTIST,140000,"SAN FRANCISCO, CA",3/2/2015,8/28/2015,CERTIFIED
CONCLUSIVE ANALYTICS INC,DATA SCIENTIST,58656,"HUNTERSVILLE, NC",2/27/2015,8/27/2015,CERTIFIED
PROTECTWISE INC,DATA SCIENTIST,66144,"DENVER, CO",2/27/2015,8/26/2015,CERTIFIED
PERSIS CONSULTING CO,DATA SCIENTIST,85000,"DETROIT, MI",2/27/2015,8/27/2015,CERTIFIED
SCHLUMBERGER TECHNOLOGY CORPORATION,DATA SCIENTIST,90000,"MENLO PARK, CA",2/27/2015,8/27/2015,CERTIFIED
KABBAGE INC,DATA SCIENTIST,90000,"ATLANTA, GA",2/27/2015,8/26/2015,CERTIFIED
KABBAGE INC,DATA SCIENTIST,105000,"ATLANTA, GA",2/27/2015,8/26/2015,CERTIFIED
ADARA MEDIA INC,DATA SCIENTIST,108000,"MOUNTAIN VIEW, CA",2/27/2015,8/26/2015,CERTIFIED
APPLOVIN CORPORATION,DATA SCIENTIST,108597,"PALO ALTO, CA",2/27/2015,8/26/2015,CERTIFIED
WAL-MART ASSOCIATES INC,DATA SCIENTIST,115000,"SUNNYVALE, CA",2/27/2015,8/26/2015,CERTIFIED
VISIBLE WORLD INC,DATA SCIENTIST,125008,"NEW YORK, NY",2/27/2015,8/29/2015,CERTIFIED
MICROSOFT CORPORATION,DATA SCIENTIST,133500,"BELLEVUE, WA",2/27/2015,8/23/2015,CERTIFIED
KCG AMERICAS LLC,DATA SCIENTIST,135000,"JERSEY CITY, NJ",2/27/2015,3/13/2015,CERTIFIED
THE TRADE DESK INC,DATA SCIENTIST,135000,"NEW YORK, NY",2/27/2015,8/29/2015,CERTIFIED
HEALTHCARE ANALYTICS SERVICES HOLDING INC,DATA SCIENTIST,150000,"SCOTTSDALE, AZ",2/27/2015,8/29/2015,CERTIFIED
GENERAL MOTORS COMPANY,DATA SCIENTIST,85000,"DETROIT, MI",2/26/2015,8/28/2015,CERTIFIED
DATO INC,DATA SCIENTIST,90002,"SEATTLE, WA",2/26/2015,8/20/2015,CERTIFIED
AGILONE INC,DATA SCIENTIST,93974,"SUNNYVALE, CA",2/26/2015,8/24/2015,CERTIFIED
AGILONE INC,DATA SCIENTIST,95000,"SUNNYVALE, CA",2/26/2015,8/24/2015,CERTIFIED
ELECTRONIC ARTS INC,DATA SCIENTIST,100000,"REDWOOD CITY, CA",2/26/2015,8/26/2015,CERTIFIED
NATIVEX HOLDINGS LLC,DATA SCIENTIST,125000,"SAN FRANCISCO, CA",2/26/2015,8/22/2015,CERTIFIED
NATIVEX HOLDINGS LLC,DATA SCIENTIST,126500,"SAN FRANCISCO, CA",2/26/2015,8/22/2015,CERTIFIED
THE TRADE DESK INC,DATA SCIENTIST,135000,"NEW YORK, NY",2/26/2015,8/28/2015,WITHDRAWN
PANORAMA EDUCATION INC,DATA SCIENTIST,80000,"BOSTON, MA",2/25/2015,8/23/2015,CERTIFIED
CARD CORPORATION,DATA SCIENTIST,80000,"LOS ANGELES, CA",2/25/2015,3/16/2015,CERTIFIED
CONNANCE INC,DATA SCIENTIST,92000,"WALTHAM, MA",2/25/2015,8/25/2015,CERTIFIED
AGILONE INC,DATA SCIENTIST,95000,"SUNNYVALE, CA",2/25/2015,8/24/2015,CERTIFIED
AGILONE INC,DATA SCIENTIST,95000,"SUNNYVALE, CA",2/25/2015,8/24/2015,CERTIFIED
GOOGLE INC,DATA SCIENTIST,100000,"MOUNTAIN VIEW, CA",2/25/2015,8/20/2015,CERTIFIED
QUORA INC,DATA SCIENTIST,105000,"MOUNTAIN VIEW, CA",2/25/2015,8/12/2015,CERTIFIED
OMNICOM MEDIA GROUP HOLDINGS INC,DATA SCIENTIST,110000,"NEW YORK, NY",2/25/2015,8/27/2015,CERTIFIED
XAD INC,DATA SCIENTIST,115000,"MOUNTAIN VIEW, CA",2/25/2015,8/15/2015,CERTIFIED
ELECTRONIC ARTS INC,DATA SCIENTIST,120000,"REDWOOD CITY, CA",2/25/2015,8/25/2015,CERTIFIED
LEEO INC,DATA SCIENTIST,130000,"PALO ALTO, CA",2/25/2015,8/24/2015,CERTIFIED
BYO RECREATION INC,DATA SCIENTIST,50000,"ST.AUGUSTINE, FL",2/24/2015,8/24/2015,CERTIFIED
CONEXLINK LLC,DATA SCIENTIST,50731,"ADDISON, TX",2/24/2015,8/26/2015,CERTIFIED
CENTERFIELD MEDIA,DATA SCIENTIST,60000,"EL SEGUNDO, CA",2/24/2015,8/25/2015,CERTIFIED
ROAM ANALYTICS INC,DATA SCIENTIST,86000,"SAN FRANCISCO, CA",2/24/2015,8/26/2015,CERTIFIED
K12 INC,DATA SCIENTIST,100000,"HERNDON, VA",2/24/2015,8/1/2015,CERTIFIED
PROSPER MARKETPLACE INC,DATA SCIENTIST,102003,"SAN FRANCISCO, CA",2/24/2015,8/18/2015,CERTIFIED
ZILLOW INC,DATA SCIENTIST,115000,"SEATTLE, WA",2/24/2015,8/23/2015,CERTIFIED
FACEBOOK INC,DATA SCIENTIST,130000,"MENLO PARK, CA",2/24/2015,3/9/2015,CERTIFIED
THELADDERSCOM INC,DATA SCIENTIST,100000,"NEW YORK, NY",2/23/2015,7/26/2015,CERTIFIED
VISIBLE WORLD,DATA SCIENTIST,100000,"NEW YORK, NY",2/23/2015,8/22/2015,CERTIFIED
4INFO INC,DATA SCIENTIST,100000,"SAN MATEO, CA",2/23/2015,8/22/2015,CERTIFIED
MICROSOFT CORPORATION,DATA SCIENTIST,105000,"REDMOND, WA",2/23/2015,8/19/2015,CERTIFIED
MICROSOFT CORPORATION,DATA SCIENTIST,105000,"REDMOND, WA",2/23/2015,8/20/2015,CERTIFIED
MICROSOFT CORPORATION,DATA SCIENTIST,107000,"REDMOND, WA",2/23/2015,8/13/2015,CERTIFIED
MICROSOFT CORPORATION,DATA SCIENTIST,110000,"REDMOND, WA",2/23/2015,8/20/2015,CERTIFIED
SLICE TECHNOLOGIES INC,DATA SCIENTIST,125000,"PALO ALTO, CA",2/23/2015,3/2/2015,CERTIFIED
ZOCDOC INC,DATA SCIENTIST,130000,"NEW YORK, NY",2/23/2015,8/25/2015,CERTIFIED
QUID INC,DATA SCIENTIST,130000,"SAN FRANCISCO, CA",2/23/2015,8/22/2015,CERTIFIED
WAL-MART ASSOCIATES INC,DATA SCIENTIST,130000,"SUNNYVALE, CA",2/23/2015,8/24/2015,CERTIFIED
VIVINT,DATA SCIENTIST,105000,"LEHI, UT",2/21/2015,8/23/2015,CERTIFIED
CLOUDWICK TECHNOLOGIES INC,DATA SCIENTIST,88254,"SAN JOSE, CA",2/20/2015,8/18/2015,WITHDRAWN
CLOUDWICK TECHNOLOGIES INC,DATA SCIENTIST,88254,"SAN JOSE, CA",2/20/2015,8/18/2015,CERTIFIED
CLOUDWICK TECHNOLOGIES INC,DATA SCIENTIST,88254,"SAN JOSE, CA",2/20/2015,8/18/2015,WITHDRAWN
MICROSOFT CORPORATION,DATA SCIENTIST,128000,"CAMBRIDGE, MA",2/20/2015,8/17/2015,CERTIFIED
WAL-MART ASSOCIATES INC,DATA SCIENTIST,140000,"SAN BRUNO, CA",2/20/2015,8/20/2015,CERTIFIED
LINKEDIN CORPORATION,DATA SCIENTIST,93000,"MOUNTAIN VIEW, CA",2/19/2015,3/2/2015,CERTIFIED
SKYHIGH NETWORKS INC,DATA SCIENTIST,93974,"CAMPBELL, CA",2/19/2015,8/20/2015,CERTIFIED
MY LIFE REGISTRY LLC,DATA SCIENTIST,47960,"FORT LEE, NJ",2/18/2015,8/20/2015,CERTIFIED
MY LIFE REGISTRY LLC,DATA SCIENTIST,47960,"FORT LEE, NJ",2/18/2015,8/20/2015,CERTIFIED
CUBIST SYSTEMATIC STRATEGIES LLC,DATA SCIENTIST,63107,"NEW YORK, NY",2/18/2015,8/16/2015,WITHDRAWN
POINT72 ASSET MANAGEMENT LP,DATA SCIENTIST,63107,"NEW YORK, NY",2/18/2015,8/16/2015,CERTIFIED
POINT72 ASSET MANAGEMENT LP,DATA SCIENTIST,63107,"NEW YORK, NY",2/18/2015,8/16/2015,CERTIFIED
OFFERPOP CORPORATION,DATA SCIENTIST,80000,"NEW YORK, NY",2/18/2015,8/20/2015,CERTIFIED
ZILLOW INC,DATA SCIENTIST,95000,"NEW YORK, NY",2/18/2015,8/17/2015,CERTIFIED
PETAMETRICS INC,DATA SCIENTIST,100000,"SAN FRANCISCO, CA",2/18/2015,8/20/2015,CERTIFIED
MICROSOFT CORPORATION,DATA SCIENTIST,105000,"REDMOND, WA",2/18/2015,8/6/2015,CERTIFIED
ZILLOW INC,DATA SCIENTIST,110780,"SEATTLE, WA",2/18/2015,8/17/2015,CERTIFIED
MICROSOFT CORPORATION,DATA SCIENTIST,112500,"BELLEVUE, WA",2/18/2015,8/9/2015,CERTIFIED
MICROSOFT CORPORATION,DATA SCIENTIST,105000,"CAMBRIDGE, MA",2/16/2015,8/10/2015,CERTIFIED
MICROSOFT CORPORATION,DATA SCIENTIST,105000,"REDMOND, WA",2/16/2015,8/11/2015,CERTIFIED
MICROSOFT CORPORATION,DATA SCIENTIST,105000,"REDMOND, WA",2/16/2015,8/11/2015,CERTIFIED
GROUPON INC,DATA SCIENTIST,110000,"PALO ALTO, CA",2/16/2015,8/13/2015,CERTIFIED
MICROSOFT CORPORATION,DATA SCIENTIST,123000,"REDMOND, WA",2/16/2015,8/11/2015,CERTIFIED
GAMELOFT INC,DATA SCIENTIST,70000,"NEW YORK, NY",2/13/2015,8/12/2015,CERTIFIED
RETAIL EQUATION INC,DATA SCIENTIST,75000,"IRVINE, CA",2/13/2015,8/12/2015,CERTIFIED
GROUPON INC,DATA SCIENTIST,80000,"CHICAGO, IL",2/13/2015,8/10/2015,CERTIFIED
POWER ADVOCATE INC,DATA SCIENTIST,95000,"BOSTON, MA",2/13/2015,8/12/2015,CERTIFIED
STITCH FIX INC,DATA SCIENTIST,119205,"SAN FRANCISCO, CA",2/13/2015,8/15/2015,CERTIFIED
AOL INC,DATA SCIENTIST,70096,"DULLES, VA",2/12/2015,8/9/2015,CERTIFIED
CAREERBUILDER LLC,DATA SCIENTIST,80000,"NORCROSS, GA",2/12/2015,8/12/2015,CERTIFIED
AIRBNB INC,DATA SCIENTIST,130000,"SAN FRANCISCO, CA",2/12/2015,8/1/2015,CERTIFIED
AIRBNB INC,DATA SCIENTIST,135000,"SAN FRANCISCO, CA",2/12/2015,8/1/2015,CERTIFIED
WAL-MART ASSOCIATES INC,DATA SCIENTIST,140000,"SUNNYVALE, CA",2/12/2015,8/12/2015,CERTIFIED
AIRBNB INC,DATA SCIENTIST,1350001,"SAN FRANCISCO, CA",2/12/2015,8/1/2015,WITHDRAWN
TIVO INC,DATA SCIENTIST,72000,"SAN JOSE, CA",2/11/2015,2/18/2015,CERTIFIED
MICROSOFT CORPORATION,DATA SCIENTIST,105000,"CAMBRIDGE, MA",2/11/2015,7/28/2015,CERTIFIED
APPLOVIN CORPORATION,DATA SCIENTIST,108597,"PALO ALTO, CA",2/11/2015,8/6/2015,CERTIFIED
WAL-MART ASSOCIATES INC,DATA SCIENTIST,115000,"SUNNYVALE, CA",2/11/2015,8/11/2015,CERTIFIED
MCGRAW-HILL GLOBAL EDUCATION LLC,DATA SCIENTIST,120000,"BOSTON, MA",2/11/2015,8/8/2015,CERTIFIED
CREDIT KARMA INC,DATA SCIENTIST,72000,"SAN FRANCISCO, CA",2/10/2015,8/10/2015,CERTIFIED
CREDIT KARMA INC,DATA SCIENTIST,72000,"SAN FRANCISCO, CA",2/10/2015,8/10/2015,CERTIFIED
RADIUMONE INC,DATA SCIENTIST,80000,"SAN FRANCISCO, CA",2/10/2015,8/10/2015,CERTIFIED
FACEBOOK INC,DATA SCIENTIST,92000,"MENLO PARK, CA",2/10/2015,8/6/2015,CERTIFIED
FACEBOOK INC,DATA SCIENTIST,92000,"MENLO PARK, CA",2/10/2015,8/6/2015,CERTIFIED
RELAYRIDES INC,DATA SCIENTIST,95000,"SAN FRANCISCO, CA",2/10/2015,8/10/2015,CERTIFIED
MICROSOFT CORPORATION,DATA SCIENTIST,100000,"BURLINGTON, MA",2/10/2015,8/6/2015,CERTIFIED
APPLOVIN CORPORATION,DATA SCIENTIST,108597,"PALO ALTO, CA",2/10/2015,8/6/2015,WITHDRAWN
FACEBOOK INC,DATA SCIENTIST,117453,"MENLO PARK, CA",2/10/2015,8/7/2015,CERTIFIED
FACEBOOK INC,DATA SCIENTIST,117453,"MENLO PARK, CA",2/10/2015,8/7/2015,CERTIFIED
PUBLIC ENGINES INC,DATA SCIENTIST,96160,"DRAPER, UT",2/9/2015,2/9/2015,CERTIFIED
EXPEDIA INC,DATA SCIENTIST,95000,"BELLEVUE, WA",2/9/2015,8/7/2015,CERTIFIED
LHP SOFTWARE LLC,DATA SCIENTIST,62000,"COLUMBUS, IN",2/7/2015,8/6/2015,CERTIFIED
EARTH NETWORKS INC,DATA SCIENTIST,74290,"GERMANTOWN, MD",2/6/2015,7/15/2015,CERTIFIED
MCGRAW-HILL GLOBAL EDUCATION LLC,DATA SCIENTIST,115000,"BOSTON, MA",2/6/2015,8/5/2015,CERTIFIED
METAMIND INC,DATA SCIENTIST,120000,"PALO ALTO, CA",2/6/2015,3/2/2015,CERTIFIED
EMAILAGE CORP,DATA SCIENTIST,120000,"CHANDLER, AZ",2/5/2015,2/16/2015,CERTIFIED
EMAILAGE LLC,DATA SCIENTIST,120000,"CHANDLER, AZ",2/5/2015,2/16/2015,WITHDRAWN
DATAMINR INC,DATA SCIENTIST,145000,"NEW YORK, NY",2/5/2015,3/9/2015,CERTIFIED
AMERICAN SAVINGS BANK FSB,DATA SCIENTIST,75000,"HONOLULU, HI",2/4/2015,8/4/2015,CERTIFIED
ZULILY INC,DATA SCIENTIST,102000,"SEATTLE, WA",2/4/2015,8/6/2015,CERTIFIED
ACT-ON SOFTWARE,DATA SCIENTIST,110000,"BEAVERTON, OR",2/4/2015,8/6/2015,CERTIFIED
FIREEYE INC,DATA SCIENTIST,84094,"MILPITAS, CA",2/3/2015,7/16/2015,CERTIFIED
ZULILY INC,DATA SCIENTIST,115000,"SEATTLE, WA",2/3/2015,8/5/2015,CERTIFIED
APPNEXUS INC,DATA SCIENTIST,118000,"NEW YORK, NY",2/3/2015,8/5/2015,CERTIFIED
MICROSOFT CORPORATION,DATA SCIENTIST,106590,"CAMBRIDGE, MA",2/2/2015,7/30/2015,CERTIFIED
MICROSOFT CORPORATION,DATA SCIENTIST,148000,"SUNNYVALE, CA",2/2/2015,7/29/2015,CERTIFIED
PUBLIC ENGINES INC,DATA SCIENTIST,98500,"DRAPER, UT",1/31/2015,2/6/2015,CERTIFIED
FACEBOOK INC,DATA SCIENTIST,125000,"MENLO PARK, CA",1/30/2015,7/29/2015,CERTIFIED
MICROSOFT CORPORATION,DATA SCIENTIST,102500,"REDMOND, WA",1/28/2015,7/26/2015,CERTIFIED
DATANYZE,DATA SCIENTIST,105000,"SAN MATEO, CA",1/28/2015,2/1/2015,CERTIFIED
INDEED INC,DATA SCIENTIST,120000,"AUSTIN, TX",1/28/2015,2/2/2015,CERTIFIED
MICROSOFT CORPORATION,DATA SCIENTIST,120000,"BELLEVUE, WA",1/28/2015,7/28/2015,CERTIFIED
KPMG LLP,DATA SCIENTIST,95000,"CHICAGO, IL",1/27/2015,7/16/2015,CERTIFIED
KINNSER SOFTWARE INC,DATA SCIENTIST,120000,"AUSTIN, TX",1/26/2015,2/23/2015,CERTIFIED
GUIDEWIRE SOFTWARE INC,DATA SCIENTIST,125000,"FOSTER CITY, CA",1/26/2015,1/26/2015,CERTIFIED
THOUGHTWORKS INC,DATA SCIENTIST,76606,"CHICAGO, IL",1/22/2015,1/22/2015,CERTIFIED
GROUPON INC,DATA SCIENTIST,134000,"PALO ALTO, CA",1/22/2015,2/2/2015,CERTIFIED
GEMOLOGICAL INSTITUTE OF AMERICA (GIA),DATA SCIENTIST,97000,"NEW YORK, NY",1/21/2015,2/9/2015,CERTIFIED
FACEBOOK INC,DATA SCIENTIST,105000,"NEW YORK, NY",1/21/2015,7/16/2015,CERTIFIED
YIELDMO INC,DATA SCIENTIST,120000,"NEW YORK, NY",1/21/2015,7/20/2015,CERTIFIED
METROMILE INC,DATA SCIENTIST,150000,"SAN FRANCISCO, CA",1/20/2015,2/2/2015,CERTIFIED
OPEX ANALYTICS LLC,DATA SCIENTIST,80000,"EVANSTOWN, IL",1/19/2015,1/20/2015,CERTIFIED
MICROSOFT CORPORATION,DATA SCIENTIST,110000,"REDMOND, WA",1/19/2015,7/16/2015,CERTIFIED
EARTH NETWORKS INC,DATA SCIENTIST,74290,"GERMANTOWN, MD",1/14/2015,7/15/2015,CERTIFIED
CIVITAS LEARNING INC,DATA SCIENTIST,120000,"AUSTIN, TX",1/14/2015,3/2/2015,CERTIFIED
MICROSOFT CORPORATION,DATA SCIENTIST,120200,"BELLEVUE, WA",1/9/2015,7/7/2015,CERTIFIED
TWITTER INC,DATA SCIENTIST,130000,"SAN FRANCISCO, CA",1/9/2015,7/3/2015,CERTIFIED
TWITTER INC,DATA SCIENTIST,130000,"SAN FRANCISCO, CA",1/9/2015,7/3/2015,CERTIFIED
THREATMETRIX INC,DATA SCIENTIST,5769,"SAN JOSE, CA",1/6/2015,1/26/2015,CERTIFIED
PLAYDOTS INC,DATA SCIENTIST,100000,"NEW YORK, NY",1/6/2015,1/13/2015,CERTIFIED
FACEBOOK INC,DATA SCIENTIST,148000,"MENLO PARK, CA",12/31/2014,2/9/2015,CERTIFIED
PAYPAL INC,DATA SCIENTIST,115000,"SAN JOSE, CA",12/23/2014,6/9/2015,CERTIFIED
FACEBOOK INC,DATA SCIENTIST,115058,"MENLO PARK, CA",12/23/2014,1/1/2015,CERTIFIED
SQUARE INC,DATA SCIENTIST,100880,"SAN FRANCISCO, CA",12/19/2014,1/5/2015,CERTIFIED
FACEBOOK INC,DATA SCIENTIST,112000,"SEATTLE, WA",12/17/2014,1/26/2015,CERTIFIED
CHEGG INC,DATA SCIENTIST,120000,"SANTA CLARA, CA",12/17/2014,6/12/2015,CERTIFIED
FACEBOOK INC,DATA SCIENTIST,135000,"MENLO PARK, CA",12/17/2014,12/29/2014,CERTIFIED
THE EXTRAORDINARIES INC,DATA SCIENTIST,110004,"SAN FRANCISCO, CA",12/16/2014,1/7/2015,CERTIFIED
FACEBOOK INC,DATA SCIENTIST,138000,"MENLO PARK, CA",12/16/2014,12/29/2014,CERTIFIED
EVANTAGE SOLUTIONS INC,DATA SCIENTIST,73923,"BELLEVUE, WA",12/15/2014,12/15/2014,CERTIFIED
SHUTTERSTOCK INC,DATA SCIENTIST,91374,"NEW YORK, NY",12/15/2014,12/29/2014,CERTIFIED
MICROSOFT CORPORATION,DATA SCIENTIST,102300,"REDMOND, WA",12/15/2014,6/8/2015,CERTIFIED
AXIAL NETWORKS INC (FORMERLY AXIAL MARKET),DATA SCIENTIST,115000,"NEW YORK, NY",12/15/2014,12/17/2014,CERTIFIED
THE MATLEN SILVER GROUP INC,DATA SCIENTIST,170000,"CHARLOTTE, NC",12/12/2014,1/5/2015,CERTIFIED
ENLITIC INC,DATA SCIENTIST,90000,"SAN FRANCISCO, CA",12/11/2014,12/22/2014,CERTIFIED
FPT USA CORPORATION,DATA SCIENTIST,105000,"EL SEGUNDO, CA",12/10/2014,1/15/2015,CERTIFIED
BLUE JEANS NETWORK INC,DATA SCIENTIST,107000,"MOUNTAIN VIEW, CA",12/10/2014,12/18/2014,CERTIFIED
KABBAGE INC,DATA SCIENTIST,120000,"SAN FRANCISCO, CA",12/9/2014,2/2/2015,CERTIFIED
ESURANCE INSURANCE SERVICES INC,DATA SCIENTIST,90000,"SAN FRANCISCO, CA",12/3/2014,12/10/2014,CERTIFIED
SAMSUNG SDS AMERICA INC,DATA SCIENTIST,120000,"SAN JOSE, CA",12/3/2014,12/14/2014,CERTIFIED
PORCHCOM INC,DATA SCIENTIST,95000,"SEATTLE, WA",12/1/2014,12/8/2014,CERTIFIED
POINT72 ASSET MANAGEMENT LP,DATA SCIENTIST,150000,"NEW YORK, NY",11/21/2014,12/1/2014,CERTIFIED
KABBAGE INC,DATA SCIENTIST,120000,"SAN FRANCISCO, CA",11/20/2014,12/1/2014,CERTIFIED
AYASDI INC,DATA SCIENTIST,155000,"MENLO PARK, CA",11/20/2014,12/8/2014,CERTIFIED
POINT72 ASSET MANAGEMENT LP,DATA SCIENTIST,130000,"NEW YORK, NY",11/18/2014,11/27/2014,CERTIFIED
UDACITY INC,DATA SCIENTIST,130000,"MOUNTAIN VIEW, CA",11/14/2014,12/15/2014,CERTIFIED
BANJO INC,DATA SCIENTIST,130000,"REDWOOD CITY, CA",11/13/2014,11/24/2014,CERTIFIED
FACEBOOK INC,DATA SCIENTIST,170000,"MENLO PARK, CA",11/12/2014,12/1/2014,CERTIFIED
MICROSOFT CORPORATION,DATA SCIENTIST,103000,"REDMOND, WA",11/11/2014,11/24/2014,CERTIFIED
VIPSHOP US,DATA SCIENTIST,150000,"SAN JOSE, CA",11/10/2014,11/11/2014,CERTIFIED
VIRTUAL POWER SYSTEMS,DATA SCIENTIST,90000,"SANTA CLARA, CA",11/7/2014,11/30/2014,CERTIFIED
MICROSOFT CORPORATION,DATA SCIENTIST,121900,"SAN FRANCISCO, CA",11/7/2014,1/1/2015,CERTIFIED
FACEBOOK INC,DATA SCIENTIST,140000,"NEW YORK, NY",11/7/2014,11/17/2014,CERTIFIED
FACEBOOK INC,DATA SCIENTIST,135000,"MENLO PARK, CA",11/6/2014,12/1/2014,CERTIFIED
WP COMPANY LLC,DATA SCIENTIST,127500,"WASHINGTON, DC",11/5/2014,12/1/2014,CERTIFIED
VIPSHOP US,DATA SCIENTIST,150000,"SAN JOSE, CA",11/5/2014,11/11/2014,DENIED
GUIDEWIRE SOFTWARE INC,DATA SCIENTIST,136573,"FOSTER CITY, CA",11/4/2014,1/5/2015,CERTIFIED
CANVAS FRG LLC,DATA SCIENTIST,150000,"NEW YORK, NY",10/31/2014,11/10/2014,CERTIFIED
GUIDEWIRE SOFTWARE INC,DATA SCIENTIST,136573,"FOSTER CITY, CA",10/29/2014,10/29/2014,CERTIFIED
MICROSOFT CORPORATION,DATA SCIENTIST,138900,"CAMBRIDGE, MA",10/28/2014,10/28/2014,CERTIFIED
APPNEXUS INC,DATA SCIENTIST,110000,"NEW YORK, NY",10/24/2014,11/3/2014,CERTIFIED
C1X INC,DATA SCIENTIST,110000,"SAN JOSE, CA",10/23/2014,11/11/2014,CERTIFIED
MOODY'S ANALYTICS,DATA SCIENTIST,87630,"SAN FRANCISCO, CA",10/21/2014,11/10/2014,CERTIFIED
GROUPON INC,DATA SCIENTIST,105000,"NEW YORK, NY",10/21/2014,11/3/2014,CERTIFIED
FINO CONSULTING LLC,DATA SCIENTIST,82000,"NEW YORK, NY",10/16/2014,10/20/2014,CERTIFIED
MICROSOFT CORPORATION,DATA SCIENTIST,118378,"REDMOND, WA",10/16/2014,10/27/2014,CERTIFIED
STITCH FIX INC,DATA SCIENTIST,150000,"SAN FRANCISCO, CA",10/16/2014,10/27/2014,CERTIFIED
MICROSOFT CORPORATION,DATA SCIENTIST,122800,"SAN FRANCISCO, CA",10/15/2014,10/27/2014,CERTIFIED
FACEBOOK INC,DATA SCIENTIST,130000,"MENLO PARK, CA",10/15/2014,11/17/2014,CERTIFIED
BED BATH AND BEYOND INC,DATA SCIENTIST,175000,"UNION, NJ",10/14/2014,10/20/2014,CERTIFIED
QUANTIPLY CORPORATION,DATA SCIENTIST,140000,"PALO ALTO, CA",10/10/2014,10/15/2014,CERTIFIED
PIONEER HI-BRED INTERNATIONAL INC,DATA SCIENTIST,90870,"JOHNSTON, IA",10/9/2014,10/20/2014,CERTIFIED
AYASDI INC,DATA SCIENTIST,130000,"MENLO PARK, CA",10/9/2014,10/20/2014,CERTIFIED
HOTWIRE INC,DATA SCIENTIST,74755,"BELLEVUE, WA",10/8/2014,10/20/2014,CERTIFIED
MICROSOFT CORPORATION,DATA SCIENTIST,108383,"REDMOND, WA",10/8/2014,10/27/2014,CERTIFIED
MICROSOFT CORPORATION,DATA SCIENTIST,118427,"BELLEVUE, WA",10/8/2014,10/8/2014,CERTIFIED
MICROSOFT CORPORATION,DATA SCIENTIST,118625,"REDMOND, WA",10/8/2014,10/8/2014,CERTIFIED
MICROSOFT CORPORATION,DATA SCIENTIST,120500,"REDMOND, WA",10/8/2014,10/27/2014,CERTIFIED
LOGICNOW INC,DATA SCIENTIST,100000,"CAMBRIDGE, MA",10/7/2014,10/10/2014,CERTIFIED
INTENT MEDIA INC,DATA SCIENTIST,163000,"NEW YORK, NY",10/7/2014,12/15/2014,CERTIFIED
MICROSOFT CORPORATION,DATA SCIENTIST,130000,"BELLEVUE, WA",10/6/2014,10/6/2014,CERTIFIED
QUANTIPLY CORPORATION,DATA SCIENTIST,140000,"SAN JOSE, CA",9/30/2014,10/1/2014,CERTIFIED
THOUGHTWORKS INC,DATA SCIENTIST,71718,"CHICAGO, IL",9/29/2014,9/29/2014,CERTIFIED
WAL-MART ASSOCIATES INC,DATA SCIENTIST,140000,"SUNNYVALE, CA",9/29/2014,10/13/2014,CERTIFIED
AIRBNB INC,DATA SCIENTIST,160000,"SAN FRANCISCO, CA",9/26/2014,10/13/2014,CERTIFIED
MICROSOFT CORPORATION,DATA SCIENTIST,105000,"CAMBRIDGE, MA",9/25/2014,9/30/2014,CERTIFIED
MICROSOFT CORPORATION,DATA SCIENTIST,105000,"CAMBRIDGE, MA",9/25/2014,9/30/2014,CERTIFIED
MICROSOFT CORPORATION,DATA SCIENTIST,114950,"CAMBRIDGE, MA",9/25/2014,9/30/2014,CERTIFIED
MICROSOFT CORPORATION,DATA SCIENTIST,115752,"CAMBRIDGE, MA",9/25/2014,9/30/2014,CERTIFIED
PORCHCOM INC,DATA SCIENTIST,115000,"SEATTLE, WA",9/24/2014,11/1/2014,CERTIFIED
THOUGHTWORKS INC,DATA SCIENTIST,71718,"CHICAGO, IL",9/23/2014,9/23/2014,DENIED
INTUIT INC,DATA SCIENTIST,175000,"MOUNTAIN VIEW, CA",9/19/2014,9/29/2014,CERTIFIED
DISNEY ONLINE,DATA SCIENTIST,103000,"PALO ALTO, CA",9/18/2014,1/1/2015,CERTIFIED
SIMPLY HIRED INC,DATA SCIENTIST,110000,"SUNNYVALE, CA",9/15/2014,9/22/2014,CERTIFIED
AGILONE INC,DATA SCIENTIST,110000,"MOUNTAIN VIEW, CA",9/15/2014,10/1/2014,CERTIFIED
FACEBOOK INC,DATA SCIENTIST,170000,"MENLO PARK, CA",9/12/2014,10/20/2014,CERTIFIED
MICROSOFT CORPORATION,DATA SCIENTIST,131807,"REDMOND, WA",9/9/2014,9/22/2014,CERTIFIED
INTUIT INC,DATA SCIENTIST,120000,"MOUNTAIN VIEW, CA",9/5/2014,10/1/2014,CERTIFIED
SCHOLASTIC INC,DATA SCIENTIST,89565,"NEW YORK, NY",9/4/2014,10/1/2014,WITHDRAWN
SCHOLASTIC INC,DATA SCIENTIST,89565,"NEW YORK, NY",9/4/2014,10/1/2014,CERTIFIED
IMVU INC,DATA SCIENTIST,90000,"MOUNTAIN VIEW, CA",9/4/2014,12/14/2014,CERTIFIED
MACHINE ZONE INC,DATA SCIENTIST,133099,"PALO ALTO, CA",9/4/2014,9/4/2014,CERTIFIED
WAL-MART ASSOCIATES INC,DATA SCIENTIST,140000,"MOUNTAIN VIEW, CA",8/29/2014,10/1/2014,CERTIFIED
INTEGRAL AD SCIENCE INC,DATA SCIENTIST,105000,"NEW YORK CITY, NY",8/28/2014,9/2/2014,CERTIFIED
INTUIT INC,DATA SCIENTIST,126000,"MOUNTAIN VIEW, CA",8/27/2014,10/1/2014,CERTIFIED
MICROSOFT CORPORATION,DATA SCIENTIST,100000,"REDMOND, WA",8/22/2014,10/1/2014,CERTIFIED
LOGBASE INC,DATA SCIENTIST,100500,"SUNNYVALE, CA",8/21/2014,9/12/2014,CERTIFIED
DROPBOX INC,DATA SCIENTIST,135000,"SAN FRANCISCO, CA",8/19/2014,2/15/2015,CERTIFIED
APPLE INC,DATA SCIENTIST,173000,"CUPERTINO, CA",8/15/2014,8/22/2014,CERTIFIED
MICROSOFT CORPORATION,DATA SCIENTIST,124769,"BELLEVUE, WA",8/14/2014,1/25/2015,CERTIFIED
KPMG LLP,DATA SCIENTIST,110000,"DALLAS, TX",8/12/2014,8/20/2014,CERTIFIED
FACEBOOK INC,DATA SCIENTIST,125000,"MENLO PARK, CA",8/12/2014,9/15/2014,CERTIFIED
CAESARS ENTERTAINMENT OPERATING COMPANY INC,DATA SCIENTIST,81245,"LAS VEGAS, NV",8/11/2014,8/21/2014,CERTIFIED
AIRBNB INC,DATA SCIENTIST,100000,"SAN FRANCISCO, CA",8/6/2014,10/1/2014,CERTIFIED
GROUPON INC,DATA SCIENTIST,125000,"PALO ALTO, CA",8/6/2014,12/6/2014,CERTIFIED
TRUVERIS INC,DATA SCIENTIST,76336,"NEW YORK, NY",8/5/2014,10/1/2014,CERTIFIED
TIDEMARK SYSTEMS INC,DATA SCIENTIST,115000,"REDWOOD CITY, CA",8/5/2014,8/12/2014,CERTIFIED
XAD INC,DATA SCIENTIST,145000,"MOUNTAIN VIEW, CA",8/5/2014,8/15/2014,CERTIFIED
MOBILE SPINACH INC,DATA SCIENTIST,120000,"SAN MATEO, CA",7/28/2014,8/1/2014,CERTIFIED
ENERNOC INC,DATA SCIENTIST,155000,"BOSTON, MA",7/21/2014,8/19/2014,CERTIFIED
KIIP INC,DATA SCIENTIST,103000,"SAN FRANCISCO, CA",7/18/2014,7/19/2014,CERTIFIED
REVIONICS INC,DATA SCIENTIST,100000,"AUSTIN, TX",7/15/2014,7/15/2014,CERTIFIED
REVIONICS INC,DATA SCIENTIST,100000,"AUSTIN, TX",7/8/2014,7/14/2014,DENIED
FACEBOOK INC,DATA SCIENTIST,145000,"MENLO PARK, CA",7/7/2014,8/1/2014,CERTIFIED
APPLE INC,DATA SCIENTIST,117187,"CUPERTINO, CA",7/3/2014,7/10/2014,CERTIFIED
CHAR SOFTWARE INC (DBA LOCALYTICS),DATA SCIENTIST,95000,"BOSTON, MA",7/1/2014,7/21/2014,CERTIFIED
FACEBOOK INC,DATA SCIENTIST,110000,"MENLO PARK, CA",7/1/2014,10/1/2014,CERTIFIED
AIRBNB INC,DATA SCIENTIST,150000,"SAN FRANCISCO, CA",7/1/2014,10/1/2014,CERTIFIED
FACEBOOK INC,DATA SCIENTIST,135000,"NEW YORK, NY",6/30/2014,7/23/2014,CERTIFIED
SIGNPOST INC,DATA SCIENTIST,115000,"NEW YORK, NY",6/27/2014,6/27/2014,CERTIFIED
AIG PC GLOBAL SERVICES INC,DATA SCIENTIST,125000,"NEW YORK, NY",6/26/2014,7/7/2014,CERTIFIED
AIG PC GLOBAL SERVICES INC,DATA SCIENTIST,145000,"BOSTON, MA",6/26/2014,7/7/2014,CERTIFIED
AIRBNB INC,DATA SCIENTIST,150000,"SAN FRANCISCO, CA",6/26/2014,10/1/2014,CERTIFIED
AIRBNB INC,DATA SCIENTIST,150000,"SAN FRANCISCO, CA",6/25/2014,7/21/2014,WITHDRAWN
PAYPAL INC,DATA SCIENTIST,124000,"BOSTON, MA",6/16/2014,6/30/2014,CERTIFIED
GOOGLE INC,DATA SCIENTIST,77250,"AUSTIN, TX",6/13/2014,6/30/2014,CERTIFIED
FACEBOOK INC,DATA SCIENTIST,117730,"MENLO PARK, CA",6/12/2014,6/24/2014,CERTIFIED
KAGGLE INC,DATA SCIENTIST,100000,"SAN FRANCISCO, CA",6/11/2014,6/23/2014,CERTIFIED
VIAFORENSICS LLC,DATA SCIENTIST,112000,"OAK PARK, IL",6/9/2014,6/23/2014,CERTIFIED
GROUPON INC,DATA SCIENTIST,110000,"CHICAGO, IL",6/6/2014,7/7/2014,CERTIFIED
FINANCIAL ENGINES,DATA SCIENTIST,110000,"SUNNYVALE, CA",6/5/2014,6/5/2014,CERTIFIED
ZYNGA INC,DATA SCIENTIST,82846,"SAN FRANCISCO, CA",6/3/2014,6/5/2014,CERTIFIED
KIXEYE INC,DATA SCIENTIST,105000,"SAN FRANCISCO, CA",5/28/2014,6/9/2014,CERTIFIED
MAPLEBEAR INC,DATA SCIENTIST,135000,"SAN FRANCISCO, CA",5/28/2014,6/9/2014,CERTIFIED
KIXEYE INC,DATA SCIENTIST,105000,"SAN FRANCISCO, CA",5/27/2014,6/9/2014,WITHDRAWN
KPMG LLP,DATA SCIENTIST,90300,"IRVINE, CA",5/16/2014,6/20/2014,CERTIFIED
VOID,DATA SCIENTIST,120000,"SAN FRANCISCO, CA",5/6/2014,5/1/2014,WITHDRAWN
GINGERIO INC,DATA SCIENTIST,88088,"SAN FRANCISCO, CA",5/5/2014,10/1/2014,CERTIFIED
GRAND ROUNDS INC,DATA SCIENTIST,120000,"SAN FRANCISCO, CA",5/2/2014,6/2/2014,CERTIFIED
MICROSOFT CORPORATION,DATA SCIENTIST,120000,"REDMOND, WA",4/30/2014,4/30/2014,CERTIFIED
TWITTER INC,DATA SCIENTIST,160000,"SAN FRANCISCO, CA",4/30/2014,5/12/2014,CERTIFIED
FOURSQUARE LABS INC,DATA SCIENTIST,120000,"NEW YORK, NY",4/29/2014,5/8/2014,CERTIFIED
MICROSOFT CORPORATION,DATA SCIENTIST,126221,"REDMOND, WA",4/25/2014,5/1/2014,CERTIFIED
KRONOS INCORPORATED,DATA SCIENTIST,125000,"CHELMSFORD, MA",4/22/2014,4/28/2014,CERTIFIED
APPLE INC,DATA SCIENTIST,135000,"CUPERTINO, CA",4/14/2014,4/15/2014,CERTIFIED
TACHYUS CORPORATION,DATA SCIENTIST,99000,"PALO ALTO, CA",4/11/2014,4/20/2014,CERTIFIED
EBAY INC,DATA SCIENTIST,129000,"SAN JOSE, CA",4/10/2014,10/1/2014,CERTIFIED
DIGITAL H2O INC,DATA SCIENTIST,52000,"CHICAGO, IL",4/8/2014,10/1/2014,CERTIFIED
VIDANGEL INC,DATA SCIENTIST,112120,"PALO ALTO, CA",4/7/2014,4/14/2014,CERTIFIED
DIGITAL H2O INC,DATA SCIENTIST,52000,"CHICAGO, IL",4/2/2014,10/1/2014,DENIED
PAYPAL INC,DATA SCIENTIST,120000,"BOSTON, MA",4/2/2014,4/21/2014,CERTIFIED
RDIO INC,DATA SCIENTIST,145000,"SAN FRANCISCO, CA",4/2/2014,4/7/2014,CERTIFIED
HEADLINERFM CORP,DATA SCIENTIST,80000,"NEW YORK, NY",3/26/2014,9/25/2014,CERTIFIED
MYLIKES INC,DATA SCIENTIST,95000,"SAN FRANCISCO, CA",3/26/2014,9/10/2014,CERTIFIED
SIMULMEDIA INC,DATA SCIENTIST,50000,"NEW YORK, NY",3/25/2014,9/20/2014,CERTIFIED
WINCERE INC,DATA SCIENTIST,60403,"SANTA CLARA, CA",3/25/2014,9/22/2014,CERTIFIED
NOKIA INC,DATA SCIENTIST,100000,"BURLINGTON, MA",3/25/2014,9/20/2014,CERTIFIED
URBAN COMPASS INC,DATA SCIENTIST,115000,"NEW YORK, NY",3/25/2014,9/1/2014,CERTIFIED
STITCH FIX INC,DATA SCIENTIST,115357,"SAN FRANCISCO, CA",3/25/2014,9/24/2014,CERTIFIED
WHISPERTEXT INC,DATA SCIENTIST,133000,"SANTA MONICA, CA",3/25/2014,9/1/2014,CERTIFIED
DATAXU INC,DATA SCIENTIST,88296,"BOSTON, MA",3/24/2014,9/14/2014,CERTIFIED
AMERICAN EXPRESS TRAVEL RELATED SERVICES COMPANY,DATA SCIENTIST,120000,"NEW YORK, NY",3/24/2014,9/23/2014,CERTIFIED
FOCUSKPI INC,DATA SCIENTIST,124800,"SANTA CLARA, CA",3/24/2014,9/23/2014,CERTIFIED
STITCH FIX INC,DATA SCIENTIST,148000,"SAN FRANCISCO, CA",3/24/2014,9/23/2014,CERTIFIED
SAGE IT INC,DATA SCIENTIST,60000,"FRISCO, TX",3/21/2014,9/20/2014,CERTIFIED
KNOWLAGENT,DATA SCIENTIST,81000,"ALPHARETTA, GA",3/21/2014,9/16/2014,CERTIFIED
GINGERIO INC,DATA SCIENTIST,88088,"SAN FRANCISCO, CA",3/21/2014,4/7/2014,CERTIFIED
NOKIA INC,DATA SCIENTIST,105000,"BURLINGTON, MA",3/21/2014,9/19/2014,WITHDRAWN
NOKIA INC,DATA SCIENTIST,105000,"BURLINGTON, MA",3/21/2014,9/17/2014,CERTIFIED
NOKIA INC,DATA SCIENTIST,105000,"BURLINGTON, MA",3/21/2014,9/19/2014,CERTIFIED
PUBLIC ENGINES INC,DATA SCIENTIST,98500,"DRAPER, UT",3/20/2014,9/16/2014,CERTIFIED
MACHINE ZONE INC,DATA SCIENTIST,141898,"PALO ALTO, CA",3/20/2014,4/1/2014,CERTIFIED
BRANDWATCH LLC,DATA SCIENTIST,55000,"NEW YORK, NY",3/19/2014,9/18/2014,CERTIFIED
YELLOWPAGESCOM LLC,DATA SCIENTIST,72987,"NEW YORK, NY",3/19/2014,9/14/2014,CERTIFIED
MARK ONE LIFESTYLE INC,DATA SCIENTIST,86500,"SAN FRANCISCO, CA",3/19/2014,9/15/2014,CERTIFIED
WIBIDATA INC,DATA SCIENTIST,90000,"SAN FRANCISCO, CA",3/19/2014,9/18/2014,CERTIFIED
SKILLZ INC,DATA SCIENTIST,105000,"BOSTON, MA",3/19/2014,9/11/2014,CERTIFIED
FACEBOOK INC,DATA SCIENTIST,116138,"MENLO PARK, CA",3/19/2014,9/8/2014,CERTIFIED
FACEBOOK INC,DATA SCIENTIST,125571,"MENLO PARK, CA",3/19/2014,9/8/2014,CERTIFIED
FACEBOOK INC,DATA SCIENTIST,140000,"MENLO PARK, CA",3/19/2014,9/8/2014,CERTIFIED
FACEBOOK INC,DATA SCIENTIST,200000,"NEW YORK, NY",3/19/2014,9/16/2014,CERTIFIED
KWANTERA INC,DATA SCIENTIST,72000,"PITTSBURGH, PA",3/18/2014,9/9/2014,CERTIFIED
PITCH INTERACTIVE INC,DATA SCIENTIST,75000,"BERKELEY, CA",3/18/2014,9/12/2014,CERTIFIED
MASTERCARD INTERNATIONAL INCORPORATED,DATA SCIENTIST,80000,"O'FALLON, MO",3/18/2014,9/1/2014,CERTIFIED
KWANTERA INC,DATA SCIENTIST,82000,"PITTSBURGH, PA",3/18/2014,9/9/2014,CERTIFIED
PERSIS CONSULTING CO,DATA SCIENTIST,85000,"DETROIT, MI",3/17/2014,9/13/2014,CERTIFIED
MASTERCARD INTERNATIONAL INCORPORATED,DATA SCIENTIST,95000,"O'FALLON, MO",3/17/2014,9/1/2014,CERTIFIED
SOVRN HOLDINGS INC,DATA SCIENTIST,95000,"BOULDER, CO",3/17/2014,9/16/2014,CERTIFIED
ADHARMONICS INC,DATA SCIENTIST,39083,"CAMBRIDGE, MA",3/14/2014,9/13/2014,CERTIFIED
EVERSTRING TECHNOLOGY LIMITED,DATA SCIENTIST,60000,"MOUNTAIN VIEW, CA",3/14/2014,9/13/2014,CERTIFIED
ADOMETRY INC,DATA SCIENTIST,70242,"AUSTIN, TX",3/14/2014,9/13/2014,CERTIFIED
LIVE NATION WORLDWIDE INC,DATA SCIENTIST,82742,"HOLLYWOOD, CA",3/14/2014,9/2/2014,CERTIFIED
AUTOGRID SYSTEMS INC,DATA SCIENTIST,85000,"REDWOOD CITY, CA",3/14/2014,9/1/2014,CERTIFIED
AGILONE INC,DATA SCIENTIST,88000,"MOUNTAIN VIEW, CA",3/14/2014,9/13/2014,CERTIFIED
AGILONE INC,DATA SCIENTIST,88000,"MOUNTAIN VIEW, CA",3/14/2014,9/13/2014,CERTIFIED
PITNEY BOWES INC,DATA SCIENTIST,88754,"SHELTON, CT",3/14/2014,9/13/2014,CERTIFIED
UBER TECHNOLOGIES INC,DATA SCIENTIST,100000,"SAN FRANCISCO, CA",3/14/2014,9/12/2014,CERTIFIED
LYFT INC,DATA SCIENTIST,100000,"SAN FRANCISCO, CA",3/14/2014,9/1/2014,CERTIFIED
MICROSOFT CORPORATION,DATA SCIENTIST,109925,"REDMOND, WA",3/14/2014,9/13/2014,CERTIFIED
CONEXLINK LLC,DATA SCIENTIST,50000,"ADDISON, TX",3/13/2014,8/27/2014,CERTIFIED
DATASCOPE ANALYTICS LLC,DATA SCIENTIST,81000,"CHICAGO, IL",3/13/2014,9/9/2014,CERTIFIED
OCULUS 360 INC,DATA SCIENTIST,85000,"PLANO, TX",3/13/2014,9/7/2014,CERTIFIED
BEHAVIORMATRIX LLC,DATA SCIENTIST,97000,"BLUE BELL, PA",3/13/2014,9/12/2014,CERTIFIED
ADHARMONICS INC,DATA SCIENTIST,39083,"CAMBRIDGE, MA",3/12/2014,9/10/2014,CERTIFIED
360I LLC,DATA SCIENTIST,75000,"NEW YORK, NY",3/12/2014,9/11/2014,CERTIFIED
CLEARSLIDE INC,DATA SCIENTIST,82000,"SAN FRANCISCO, CA",3/12/2014,9/10/2014,CERTIFIED
BAYNOTE INC,DATA SCIENTIST,82077,"SAN JOSE, CA",3/12/2014,9/11/2014,CERTIFIED
COX DIGITAL SOLUTIONS LLC,DATA SCIENTIST,110000,"SOUTH SAN FRANCISCO, CA",3/12/2014,9/7/2014,CERTIFIED
APIGEE CORPORATION,DATA SCIENTIST,120000,"SAN JOSE, CA",3/12/2014,9/8/2014,CERTIFIED
TWITTER INC,DATA SCIENTIST,130000,"SAN FRANCISCO, CA",3/12/2014,9/11/2014,CERTIFIED
APSALAR INC,DATA SCIENTIST,135000,"DENVER, CO",3/12/2014,3/31/2014,CERTIFIED
GUAVUS INC,DATA SCIENTIST,170000,"SAN MATEO, CA",3/12/2014,9/11/2014,CERTIFIED
CONCLUSIVE ANALYTICS INC,DATA SCIENTIST,60362,"HUNTERSVILLE, NC",3/11/2014,9/6/2014,CERTIFIED
COMNISCIENT TECHNOLOGIES LLC,DATA SCIENTIST,70000,"BOSTON, MA",3/11/2014,9/10/2014,CERTIFIED
DATASCOPE ANALYTICS LLC,DATA SCIENTIST,77000,"CHICAGO, IL",3/11/2014,9/7/2014,CERTIFIED
EVENTBRITE INC,DATA SCIENTIST,101000,"SAN FRANCISCO, CA",3/11/2014,9/5/2014,CERTIFIED
TAPJOY INC,DATA SCIENTIST,101109,"SAN FRANCISCO, CA",3/11/2014,9/2/2014,CERTIFIED
ADTHEORENT INC,DATA SCIENTIST,60000,"NEW YORK, NY",3/10/2014,9/9/2014,WITHDRAWN
SPRY INC,DATA SCIENTIST,60000,"SPARKS, MD",3/10/2014,9/9/2014,CERTIFIED
ADTHEORENT INC,DATA SCIENTIST,60000,"NEW YORK, NY",3/10/2014,9/9/2014,CERTIFIED
ALATION INC,DATA SCIENTIST,90000,"PALO ALTO, CA",3/10/2014,9/1/2014,CERTIFIED
AIRBNB INC,DATA SCIENTIST,135000,"SAN FRANCISCO, CA",3/10/2014,3/17/2014,CERTIFIED
XAD INC,DATA SCIENTIST,90000,"SUNNYVALE, CA",3/9/2014,9/5/2014,CERTIFIED
NATIVEX HOLDINGS LLC,DATA SCIENTIST,105000,"SAN FRANCISCO, CA",3/9/2014,9/5/2014,CERTIFIED
GROUPON INC,DATA SCIENTIST,75000,"CHICAGO, IL",3/7/2014,9/1/2014,CERTIFIED
TWITTER INC,DATA SCIENTIST,101109,"SAN FRANCISCO, CA",3/7/2014,9/6/2014,CERTIFIED
TRULIA INC,DATA SCIENTIST,120000,"SAN FRANCISCO, CA",3/7/2014,9/6/2014,CERTIFIED
TRULIA INC,DATA SCIENTIST,120000,"SAN FRANCISCO, CA",3/7/2014,9/6/2014,CERTIFIED
TWITTER INC,DATA SCIENTIST,125000,"SAN FRANCISCO, CA",3/7/2014,9/5/2014,CERTIFIED
TWITTER INC,DATA SCIENTIST,130000,"SAN FRANCISCO, CA",3/7/2014,9/1/2014,CERTIFIED
HI-TECH SOLUTIONS INC,DATA SCIENTIST,59862,"CHICAGO, IL",3/6/2014,8/26/2014,CERTIFIED
CARD CORPORATION,DATA SCIENTIST,74000,"LOS ANGELES, CA",3/6/2014,9/5/2014,CERTIFIED
SCIENCE EXCHANGE INC,DATA SCIENTIST,75067,"PALO ALTO, CA",3/6/2014,9/2/2014,CERTIFIED
RESONATE NETWORKS INC,DATA SCIENTIST,77896,"RESTON, VA",3/6/2014,9/5/2014,CERTIFIED
MOTION PICTURES LABORATORIES INC,DATA SCIENTIST,85925,"PALO ALTO, CA",3/6/2014,9/5/2014,CERTIFIED
TANGOME INC,DATA SCIENTIST,82077,"MOUNTAIN VIEW, CA",3/5/2014,9/4/2014,CERTIFIED
TRIPADVISOR LLC,DATA SCIENTIST,95000,"NEWTON, MA",3/5/2014,9/1/2014,CERTIFIED
SUMO LOGIC INC,DATA SCIENTIST,125000,"REDWOOD CITY, CA",3/5/2014,9/4/2014,CERTIFIED
SUPPLY FRAME INC,DATA SCIENTIST,130000,"PASADENA, CA",3/5/2014,8/31/2014,CERTIFIED
INTUIT INC,DATA SCIENTIST,135000,"MOUNTAIN VIEW, CA",3/5/2014,9/4/2014,CERTIFIED
OPEX ANALYTICS LLC,DATA SCIENTIST,65000,"EVANSTON, IL",3/4/2014,9/1/2014,CERTIFIED
TANGOME INC,DATA SCIENTIST,85925,"MOUNTAIN VIEW, CA",3/4/2014,9/3/2014,CERTIFIED
GFI USA INC,DATA SCIENTIST,93000,"CAMBRIDGE, MA",3/4/2014,9/1/2014,CERTIFIED
LINKEDIN CORPORATION,DATA SCIENTIST,102024,"MOUNTAIN VIEW, CA",3/3/2014,8/29/2014,CERTIFIED
CA INC,DATA SCIENTIST,105000,"SAN DIEGO, CA",3/3/2014,8/26/2014,CERTIFIED
TRUECAR INC,DATA SCIENTIST,85000,"SANTA MONICA, CA",2/28/2014,8/26/2014,CERTIFIED
QUORA INC,DATA SCIENTIST,100000,"MOUNTAIN VIEW, CA",2/28/2014,8/28/2014,CERTIFIED
ZILLOW INC,DATA SCIENTIST,109700,"SEATTLE, WA",2/28/2014,8/30/2014,CERTIFIED
DROPBOX INC,DATA SCIENTIST,135000,"SAN FRANCISCO, CA",2/28/2014,7/30/2014,CERTIFIED
GROUPON INC,DATA SCIENTIST,120000,"PALO ALTO, CA",2/27/2014,8/17/2014,CERTIFIED
CONEXLINK INC,DATA SCIENTIST,50000,"ADDISON, TX",2/26/2014,8/27/2014,CERTIFIED
HI-TECH SOLUTIONS INC,DATA SCIENTIST,59826,"CHICAGO, IL",2/26/2014,8/26/2014,DENIED
THE NIELSEN COMPANY (US) LLC,DATA SCIENTIST,63000,"NEW YORK, NY",2/26/2014,8/26/2014,CERTIFIED
COVANCE INC,DATA SCIENTIST,85571,"PRINCETON, NJ",2/26/2014,8/27/2014,CERTIFIED
TRIPADVISOR LLC,DATA SCIENTIST,95000,"NEWTON, MA",2/26/2014,8/1/2014,CERTIFIED
NOKIA INC,DATA SCIENTIST,110000,"BURLINGTON, MA",2/26/2014,8/14/2014,CERTIFIED
FACEBOOK INC,DATA SCIENTIST,130000,"MENLO PARK, CA",2/26/2014,8/18/2014,CERTIFIED
CIRCLEUP NETWORK INC,DATA SCIENTIST,76024,"SAN FRANCISCO, CA",2/25/2014,3/7/2014,CERTIFIED
FIREEYE INC,DATA SCIENTIST,79269,"MILPITAS, CA",2/25/2014,8/22/2014,CERTIFIED
LIVINGSOCIAL INC,DATA SCIENTIST,95000,"WASHINGTON, DC, DC",2/25/2014,8/20/2014,CERTIFIED
MICROSOFT CORPORATION,DATA SCIENTIST,129243,"BELLEVUE, WA",2/21/2014,3/11/2014,CERTIFIED
LOCUS ENERGY LLC,DATA SCIENTIST,82846,"SAN FRANCISCO, CA",2/19/2014,8/17/2014,CERTIFIED
POPSUGAR INC,DATA SCIENTIST,120000,"SAN FRANCISCO, CA",2/19/2014,8/17/2014,CERTIFIED
TRENDALYTICS INNOVATION LABS INC,DATA SCIENTIST,110000,"NEW YORK, NY",2/18/2014,8/14/2014,WITHDRAWN
TRENDALYTICS INNOVATION LABS INC,DATA SCIENTIST,110000,"NEW YORK, NY",2/18/2014,8/14/2014,CERTIFIED
SIMPLEREACH INC,DATA SCIENTIST,75000,"NEW YORK, NY",2/17/2014,8/18/2014,CERTIFIED
LINKEDIN CORPORATION,DATA SCIENTIST,88500,"MOUNTAIN VIEW, CA",2/17/2014,8/18/2014,CERTIFIED
LINKEDIN CORPORATION,DATA SCIENTIST,88500,"MOUNTAIN VIEW, CA",2/17/2014,8/18/2014,CERTIFIED
GROUPON INC,DATA SCIENTIST,105000,"PALO ALTO, CA",2/14/2014,3/24/2014,CERTIFIED
BETAWORKS STUDIO LLC,DATA SCIENTIST,110000,"NEW YORK, NY",2/14/2014,8/14/2014,CERTIFIED
LOCUS ENERGY LLC,DATA SCIENTIST,110000,"SAN FRANCISCO, CA",2/14/2014,8/16/2014,WITHDRAWN
AIRBNB INC,DATA SCIENTIST,120000,"SAN FRANCISCO, CA",2/12/2014,8/1/2014,CERTIFIED
GROUPON INC,DATA SCIENTIST,100173,"CHICAGO, IL",2/11/2014,6/11/2014,WITHDRAWN
PAYPAL INC,DATA SCIENTIST,115000,"SAN JOSE, CA",2/10/2014,8/12/2014,CERTIFIED
TWITTER INC,DATA SCIENTIST,130000,"SAN FRANCISCO, CA",2/10/2014,7/29/2014,CERTIFIED
TWITTER INC,DATA SCIENTIST,130000,"SAN FRANCISCO, CA",2/10/2014,7/29/2014,CERTIFIED
WAL-MART ASSOCIATES INC,DATA SCIENTIST,150000,"SAN BRUNO, CA",2/10/2014,8/10/2014,CERTIFIED
PALANTIR TECHNOLOGIES INC,DATA SCIENTIST,120000,"PALO ALTO, CA",2/8/2014,8/1/2014,CERTIFIED
TWITTER INC,DATA SCIENTIST,130000,"SAN FRANCISCO, CA",2/7/2014,8/8/2014,CERTIFIED
MICROSOFT CORPORATION,DATA SCIENTIST,110000,"BELLEVUE, WA",2/6/2014,8/4/2014,CERTIFIED
TWITTER INC,DATA SCIENTIST,130000,"SAN FRANCISCO, CA",2/5/2014,8/6/2014,CERTIFIED
NETFLIX INC,DATA SCIENTIST,150000,"LOS GATOS, CA",2/5/2014,8/7/2014,CERTIFIED
TWITTER INC,DATA SCIENTIST,120000,"CAMBRIDGE, MA",2/3/2014,7/31/2014,CERTIFIED
TWITTER INC,DATA SCIENTIST,130000,"SAN FRANCISCO, CA",2/3/2014,7/20/2014,CERTIFIED
EBAY INC,DATA SCIENTIST,105000,"SAN JOSE, CA",2/1/2014,7/30/2014,CERTIFIED
TWITTER INC,DATA SCIENTIST,130000,"SAN FRANCISCO, CA",2/1/2014,7/29/2014,CERTIFIED
TWITTER INC,DATA SCIENTIST,130000,"SAN FRANCISCO, CA",2/1/2014,7/29/2014,CERTIFIED
STUBHUB INC,DATA SCIENTIST,120000,"SAN FRANCISCO, CA",1/30/2014,7/29/2014,CERTIFIED
MYFITNESSPAL INC,DATA SCIENTIST,135000,"SAN FRANCISCO, CA",1/29/2014,7/16/2014,CERTIFIED
LHP SOFTWARE LLC,DATA SCIENTIST,120000,"COLUMBUS, IN",1/28/2014,6/23/2014,CERTIFIED
GNANA INC,DATA SCIENTIST,80000,"MOUNTAIN VIEW, CA",1/23/2014,3/15/2014,CERTIFIED
HELLO INC,DATA SCIENTIST,130000,"SAN FRANCISCO, CA",1/21/2014,2/1/2014,CERTIFIED
APPLE INC,DATA SCIENTIST,125000,"CUPERTINO, CA",1/17/2014,7/16/2014,CERTIFIED
TC LOAN SERVICE LLC,DATA SCIENTIST,100000,"ADDISON, TX",1/6/2014,1/13/2014,CERTIFIED
FACEBOOK INC,DATA SCIENTIST,130000,"MENLO PARK, CA",12/26/2013,1/6/2014,CERTIFIED
LISTENLOGIC,DATA SCIENTIST,95000,"SAN JOSE, CA",12/20/2013,12/31/2013,CERTIFIED
PEEL TECHNOLOGIES INC,DATA SCIENTIST,125000,"MOUNTAIN VIEW, CA",12/20/2013,1/1/2014,CERTIFIED
HEARSAY SOCIAL INC,DATA SCIENTIST,135000,"SAN FRANCISCO, CA",12/20/2013,1/13/2014,CERTIFIED
CHARTER GLOBAL INC,DATA SCIENTIST,81000,"ALPHARETTA, GA",12/18/2013,12/30/2013,CERTIFIED
AMERICAN EXPRESS TRS COMPANY INC,DATA SCIENTIST,115000,"NEW YORK, NY",12/16/2013,1/27/2014,CERTIFIED
PEEL TECHNOLOGIES INC,DATA SCIENTIST,125000,"MOUNTAIN VIEW, CA",12/16/2013,12/16/2013,CERTIFIED
THOUGHTWORKS INC,DATA SCIENTIST,90000,"CHICAGO, IL",12/12/2013,1/13/2014,CERTIFIED
DUNNHUMBY USA LLC,DATA SCIENTIST,76502,"CINCINNATI, OH",12/5/2013,1/7/2014,CERTIFIED
MICROSOFT CORPORATION,DATA SCIENTIST,121435,"BELLEVUE, WA",12/4/2013,12/4/2013,CERTIFIED
LYFT INC,DATA SCIENTIST,115000,"SAN FRANCISCO, CA",11/22/2013,12/2/2013,CERTIFIED
RESONATE NETWORKS INC,DATA SCIENTIST,90000,"RESTON, VA",11/19/2013,5/15/2014,CERTIFIED
SIGNPOST INC,DATA SCIENTIST,115000,"NEW YORK, NY",11/19/2013,11/19/2013,CERTIFIED
ACTIVEHOURS INC,DATA SCIENTIST,100000,"PALO ALTO, CA",11/14/2013,11/15/2013,CERTIFIED
1618LABS INC,DATA SCIENTIST,125000,"LOS ALTOS, CA",11/12/2013,12/2/2013,CERTIFIED
AIRPUSH INC,DATA SCIENTIST,75000,"NEW YORK, NY",11/6/2013,11/18/2013,CERTIFIED
SKYTREE INC,DATA SCIENTIST,115000,"SAN JOSE, CA",11/6/2013,12/15/2013,CERTIFIED
FACEBOOK INC,DATA SCIENTIST,138000,"MENLO PARK, CA",10/30/2013,11/18/2013,CERTIFIED
AMERICAN EXPRESS TRS CO INC,DATA SCIENTIST,115000,"PHOENIX, AZ",10/25/2013,11/18/2013,WITHDRAWN
QUESTPOINT SERVICES LLC,DATA SCIENTIST,140000,"CARLSBAD, CA",10/24/2013,11/6/2013,CERTIFIED
GUMROAD INC,DATA SCIENTIST,105000,"SAN FRANCISCO, CA",9/24/2013,10/8/2013,CERTIFIED
DSTILLERY INC,DATA SCIENTIST,110000,"NEW YORK, NY",9/24/2013,9/24/2013,CERTIFIED
DISTILLERY INC,DATA SCIENTIST,110000,"NEW YORK, NY",9/24/2013,9/24/2013,WITHDRAWN
DISTILLERY,DATA SCIENTIST,110000,"NEW YORK, NY",9/23/2013,9/23/2013,WITHDRAWN
QUANTTUS INC,DATA SCIENTIST,130000,"CAMBRIDGE, MA",9/16/2013,10/1/2013,CERTIFIED
FACEBOOK INC,DATA SCIENTIST,110000,"MENLO PARK, CA",9/11/2013,9/30/2013,CERTIFIED
FACEBOOK INC,DATA SCIENTIST,125287,"MENLO PARK, CA",9/10/2013,3/3/2014,CERTIFIED
FACEBOOK INC,DATA SCIENTIST,133894,"MENLO PARK, CA",9/10/2013,9/16/2013,CERTIFIED
AMERICAN EXPRESS TRAVEL RELATED SERVICES COMPANY,DATA SCIENTIST,120000,"NEW YORK, NY",9/3/2013,9/23/2013,CERTIFIED
INTUIT INC,DATA SCIENTIST,129460,"MOUNTAIN VIEW, CA",8/20/2013,9/1/2013,WITHDRAWN
INTUIT INC,DATA SCIENTIST,129460,"MOUNTAIN VIEW, CA",8/20/2013,9/1/2013,CERTIFIED
THE GAP INC,DATA SCIENTIST,130000,"SAN FRANCISCO, CA",8/13/2013,9/1/2013,CERTIFIED
GE CAPITAL CORPORATION,DATA SCIENTIST,125000,"NORWALK, CT",8/9/2013,8/20/2013,CERTIFIED
EBAY INC,DATA SCIENTIST,106000,"BELLEVUE, WA",8/7/2013,8/19/2013,CERTIFIED
FACEBOOK INC,DATA SCIENTIST,138000,"MENLO PARK, CA",7/30/2013,8/26/2013,CERTIFIED
LINKEDIN CORPORATION,DATA SCIENTIST,102024,"MOUNTAIN VIEW, CA",7/25/2013,8/5/2013,CERTIFIED
GUARDIAN ANALYTICS,DATA SCIENTIST,110000,"MOUNTAIN VIEW, CA",7/22/2013,11/15/2013,CERTIFIED
TAPJOY INC,DATA SCIENTIST,125000,"SAN FRANCISCO, CA",7/19/2013,8/5/2013,CERTIFIED
COMRISE TECHNOLOGY INC,DATA SCIENTIST,45552,"HAZLET, NJ",7/10/2013,8/11/2013,CERTIFIED
COMRISE TECHNOLOGY INC,DATA SCIENTIST,45094,"HAZLET, NJ",7/8/2013,8/11/2013,CERTIFIED
IMPETUS TECHNOLOGIES INC,DATA SCIENTIST,125000,"SAN JOSE, CA",6/28/2013,7/1/2013,CERTIFIED
MOZILLA CORPORATION,DATA SCIENTIST,92000,"SAN FRANCISCO, CA",6/27/2013,7/8/2013,CERTIFIED
TWITTER INC,DATA SCIENTIST,158600,"SAN FRANCISCO, CA",6/10/2013,10/19/2013,CERTIFIED
YAHOO! INC,DATA SCIENTIST,130055,"SUNNYVALE, CA",5/31/2013,5/31/2013,CERTIFIED
MOZILLA CORPORATION,DATA SCIENTIST,92000,"SAN FRANCISCO, CA",5/30/2013,6/4/2013,CERTIFIED
AUTODESK INC,DATA SCIENTIST,115939,"SAN FRANCISCO, CA",5/28/2013,6/5/2013,CERTIFIED
LINKEDIN CORPORATION,DATA SCIENTIST,113443,"MOUNTAIN VIEW, CA",5/21/2013,6/3/2013,CERTIFIED
AIRBNB INC,DATA SCIENTIST,115000,"SAN FRANCISCO, CA",5/10/2013,5/20/2013,CERTIFIED
TWITTER INC,DATA SCIENTIST,135000,"SAN FRANCISCO, CA",5/8/2013,5/20/2013,CERTIFIED
ODESK CORPORATION,DATA SCIENTIST,135000,"REDWOOD CITY, CA",5/8/2013,10/1/2013,CERTIFIED
GREEN DOT CORPORATION,DATA SCIENTIST,160000,"PALO ALTO, CA",5/3/2013,5/6/2013,CERTIFIED
ADVANCED INFORMATION MANAGEMENT TECHNOLOGY PARTNER,DATA SCIENTIST,105000,"CHARLOTTE, NC",5/2/2013,5/15/2013,DENIED
LHP SOFTWARE LLC,DATA SCIENTIST,120000,"COLUMBUS, IN",4/4/2013,5/6/2013,CERTIFIED
VASTCOM INC,DATA SCIENTIST,110000,"AUSTIN, TX",4/3/2013,10/1/2013,CERTIFIED
SIMPLEREACH INC,DATA SCIENTIST,80000,"NEW YORK, NY",4/2/2013,10/1/2013,CERTIFIED
OBJECTIVE LOGISTICS INC,DATA SCIENTIST,85000,"BOSTON, MA",3/28/2013,9/21/2013,WITHDRAWN
OBJECTIVE LOGISTICS INC,DATA SCIENTIST,85000,"BOSTON, MA",3/28/2013,9/21/2013,WITHDRAWN
OBJECTIVE LOGISTICS INC,DATA SCIENTIST,85000,"BOSTON, MA",3/28/2013,9/21/2013,CERTIFIED
QUORA INC,DATA SCIENTIST,105000,"MOUNTAIN VIEW, CA",3/28/2013,9/26/2013,CERTIFIED
AUTOMATIC DATA PROCESSING INC,DATA SCIENTIST,92000,"CAMBRIDGE, MA",3/27/2013,9/26/2013,CERTIFIED
TC LOAN SERVICE LLC,DATA SCIENTIST,100000,"FORT WORTH, TX",3/27/2013,4/8/2013,CERTIFIED
SKYTREE INC,DATA SCIENTIST,110000,"SAN JOSE, CA",3/27/2013,9/26/2013,CERTIFIED
CORECOMPETE LLC,DATA SCIENTIST,69888,"DURHAM, NC",3/26/2013,9/1/2013,CERTIFIED
JPMORGAN CHASE & CO,DATA SCIENTIST,109000,"NEW YORK, NY",3/26/2013,4/1/2013,CERTIFIED
ADVANCED INFORMATION MANAGEMENT TECHNOLOGY PARTNER,DATA SCIENTIST,60000,"CHARLOTTE, NC",3/25/2013,4/1/2013,DENIED
LUMO BODYTECH INC,DATA SCIENTIST,80000,"PALO ALTO, CA",3/25/2013,9/21/2013,CERTIFIED
TRACEVECTOR INC,DATA SCIENTIST,130000,"SAN JOSE, CA",3/25/2013,9/15/2013,CERTIFIED
AGILONE INC,DATA SCIENTIST,81000,"MOUNTAIN VIEW, CA",3/23/2013,9/22/2013,CERTIFIED
OBJECTIVE LOGISTICS INC,DATA SCIENTIST,85000,"BOSTON, MA",3/23/2013,9/21/2013,DENIED
PULSEPOINT INC,DATA SCIENTIST,100000,"NEW YORK, NY",3/22/2013,9/21/2013,CERTIFIED
FACEBOOK INC,DATA SCIENTIST,130000,"MENLO PARK, CA",3/22/2013,9/20/2013,CERTIFIED
DATAXU INC,DATA SCIENTIST,85446,"BOSTON, MA",3/21/2013,9/19/2013,CERTIFIED
TWITTER INC,DATA SCIENTIST,130000,"SAN FRANCISCO, CA",3/21/2013,9/19/2013,CERTIFIED
XACTLY CORPORATION,DATA SCIENTIST,130220,"SAN JOSE, CA",3/20/2013,9/18/2013,CERTIFIED
ADOMETRY INC,DATA SCIENTIST,70000,"AUSTIN, TX",3/20/2013,9/19/2013,CERTIFIED
CAREERBUILDER LLC,DATA SCIENTIST,75000,"NORCROSS, GA",3/20/2013,9/19/2013,CERTIFIED
FACEBOOK INC,DATA SCIENTIST,120249,"MENLO PARK, CA",3/20/2013,9/5/2013,CERTIFIED
SUMO LOGIC INC,DATA SCIENTIST,125000,"REDWOOD CITY, CA",3/20/2013,9/19/2013,CERTIFIED
GLOBAL MARKETING RESOURCE INC,DATA SCIENTIST,125000,"CHARLESTOWN, MA",3/20/2013,9/10/2013,CERTIFIED
FACEBOOK INC,DATA SCIENTIST,128000,"MENLO PARK, CA",3/20/2013,9/5/2013,CERTIFIED
TWITTER INC,DATA SCIENTIST,130000,"SAN FRANCISCO, CA",3/20/2013,9/10/2013,CERTIFIED
TWITTER INC,DATA SCIENTIST,94000,"SAN FRANCISCO, CA",3/19/2013,9/18/2013,CERTIFIED
M2 RESOURCES INC,DATA SCIENTIST,96000,"NEW YORK, NY",3/19/2013,9/18/2013,CERTIFIED
CONSULTADD INC,DATA SCIENTIST,75000,"JERSEY CITY, NJ",3/17/2013,9/2/2013,CERTIFIED
CONSULTADD INC,DATA SCIENTIST,110000,"JERSEY CITY, NJ",3/17/2013,9/2/2013,CERTIFIED
OBJECTIVE LOGISTICS INC,DATA SCIENTIST,85000,"BOSTON, MA",3/16/2013,9/15/2013,DENIED
CAPITAL ACCESS NETWORK INC,DATA SCIENTIST,68000,"KENNESAW, GA",3/15/2013,9/8/2013,CERTIFIED
TRULIA INC,DATA SCIENTIST,115000,"SAN FRANCISCO, CA",3/15/2013,9/14/2013,CERTIFIED
APPLE INC,DATA SCIENTIST,155000,"CUPERTINO, CA",3/15/2013,3/20/2013,CERTIFIED
OUTBRAIN INC,DATA SCIENTIST,60000,"NEW YORK, NY",3/14/2013,9/13/2013,WITHDRAWN
OUTBRAIN INC,DATA SCIENTIST,60000,"NEW YORK, NY",3/14/2013,9/12/2013,CERTIFIED
LITLE & CO LLC,DATA SCIENTIST,82326,"LOWELL, MA",3/14/2013,9/1/2013,CERTIFIED
OUTBRAIN INC,DATA SCIENTIST,91000,"NEW YORK, NY",3/14/2013,9/12/2013,CERTIFIED
UBER TECHNOLOGIES INC,DATA SCIENTIST,100000,"SAN FRANCISCO, CA",3/14/2013,9/10/2013,CERTIFIED
C3 INC,DATA SCIENTIST,85000,"REDWOOD CITY, CA",3/13/2013,9/12/2013,CERTIFIED
CONVIVA INC,DATA SCIENTIST,90000,"SAN MATEO, CA",3/13/2013,9/5/2013,CERTIFIED
INTEGRAL AD SCIENCE INC,DATA SCIENTIST,90000,"NEW YORK, NY",3/13/2013,9/12/2013,CERTIFIED
FACEBOOK INC,DATA SCIENTIST,90933,"MENLO PARK, CA",3/13/2013,9/10/2013,CERTIFIED
AMERICAN EXPRESS TRS CO INC,DATA SCIENTIST,105000,"NEW YORK, NY",3/13/2013,9/8/2013,CERTIFIED
TWITTER INC,DATA SCIENTIST,130000,"SAN FRANCISCO, CA",3/13/2013,9/12/2013,CERTIFIED
TWITTER INC,DATA SCIENTIST,130000,"SAN FRANCISCO, CA",3/13/2013,9/10/2013,CERTIFIED
IBM CORPORATION,DATA SCIENTIST,95000,"CAMBRIDGE, MA",3/11/2013,7/10/2013,CERTIFIED
TAPJOY INC,DATA SCIENTIST,125000,"SAN FRANCISCO, CA",3/11/2013,9/5/2013,CERTIFIED
NGMOCO LLC,DATA SCIENTIST,90000,"SAN FRANCISCO, CA",3/10/2013,6/1/2013,CERTIFIED
TWITTER INC,DATA SCIENTIST,130000,"SAN FRANCISCO, CA",3/8/2013,9/7/2013,CERTIFIED
TWITTER INC,DATA SCIENTIST,130000,"SAN FRANCISCO, CA",3/7/2013,9/5/2013,CERTIFIED
PAYPAL INC,DATA SCIENTIST,140000,"SAN JOSE, CA",3/7/2013,9/6/2013,CERTIFIED
NPARIO INC,DATA SCIENTIST,97344,"REDMOND, WA",3/6/2013,8/26/2013,CERTIFIED
AIRBNB INC,DATA SCIENTIST,100000,"SAN FRANCISCO, CA",3/6/2013,9/1/2013,CERTIFIED
FACEBOOK INC,DATA SCIENTIST,125000,"MENLO PARK, CA",3/5/2013,9/1/2013,CERTIFIED
LINKEDIN CORPORATION,DATA SCIENTIST,91437,"MOUNTAIN VIEW, CA",3/1/2013,8/29/2013,CERTIFIED
EXELATE INC,DATA SCIENTIST,75000,"NEW YORK, NY",2/28/2013,8/27/2013,CERTIFIED
WHALESHARK MEDIA INC,DATA SCIENTIST,130000,"AUSTIN, TX",2/28/2013,8/29/2013,CERTIFIED
1901 GROUP LLC,DATA SCIENTIST,60940,"BLACKSBURG, VA",2/27/2013,8/1/2013,CERTIFIED
AGILONE INC,DATA SCIENTIST,81000,"MOUNTAIN VIEW, CA",2/26/2013,8/25/2013,CERTIFIED
SENSE NETWORKS INC,DATA SCIENTIST,75000,"NEW YORK, NY",2/21/2013,8/23/2013,CERTIFIED
BIRCHBOX INC,DATA SCIENTIST,105000,"NEW YORK, NY",2/20/2013,8/20/2013,CERTIFIED
VISUAL REVENUE INC,DATA SCIENTIST,75000,"NEW YORK, NY",2/15/2013,8/15/2013,CERTIFIED
INTUIT INC,DATA SCIENTIST,124800,"MOUNTAIN VIEW, CA",2/15/2013,8/12/2013,CERTIFIED
AGILONE INC,DATA SCIENTIST,81000,"MOUNTAIN VIEW, CA",2/14/2013,8/13/2013,CERTIFIED
COMRISE TECHNOLOGY INC,DATA SCIENTIST,49338,"MIAMISBURG, OH",2/11/2013,8/11/2013,CERTIFIED
FACEBOOK INC,DATA SCIENTIST,130000,"MENLO PARK, CA",2/11/2013,7/6/2013,CERTIFIED
MICROSOFT CORPORATION,DATA SCIENTIST,115000,"BELLEVUE, WA",2/6/2013,2/18/2013,CERTIFIED
EMC CORPORATION,DATA SCIENTIST,75525,"SAN MATEO, CA",2/4/2013,8/3/2013,CERTIFIED
FACEBOOK INC,DATA SCIENTIST,130000,"MENLO PARK, CA",2/1/2013,8/1/2013,CERTIFIED
MICROSOFT CORPORATION,DATA SCIENTIST,115000,"BELLEVUE, WA",1/31/2013,2/18/2013,CERTIFIED
THE GAP INC,DATA SCIENTIST,104831,"SAN FRANCISCO, CA",1/29/2013,1/31/2013,CERTIFIED
QUORA INC,DATA SCIENTIST,130000,"MOUNTAIN VIEW, CA",1/28/2013,2/4/2013,CERTIFIED
QUORA INC,DATA SCIENTIST,130000,"MOUNTAIN VIEW, CA",1/25/2013,2/4/2013,CERTIFIED
COMRISE TECHNOLOGY INC,DATA SCIENTIST,45094,"HAZLET, NJ",1/16/2013,7/15/2013,CERTIFIED
ADELPHIC INC,DATA SCIENTIST,85000,"WALTHAM, MA",1/11/2013,2/11/2013,CERTIFIED
FACEBOOK INC,DATA SCIENTIST,130000,"MENLO PARK, CA",1/11/2013,7/6/2013,CERTIFIED
IBM CORPORATION,DATA SCIENTIST,95000,"CAMBRIDGE, MA",1/9/2013,7/10/2013,CERTIFIED
23ANDME INC,DATA SCIENTIST,90000,"MOUNTAIN VIEW, CA",12/28/2012,1/7/2013,CERTIFIED
OCEANUS AUTOMOTIVE LLC,DATA SCIENTIST,55000,"AUSTIN, TX",11/30/2012,11/30/2012,CERTIFIED
PAYPAL INC,DATA SCIENTIST,120000,"BOSTON, MA",11/21/2012,12/1/2012,CERTIFIED
DISNEY ONLINE,DATA SCIENTIST,112000,"PALO ALTO, CA",11/19/2012,12/2/2012,CERTIFIED
APPLOVIN CORPORATION,DATA SCIENTIST,115000,"PALO ALTO, CA",11/12/2012,12/17/2012,CERTIFIED
OCEANUS AUTOMOTIVE LLC,DATA SCIENTIST,55000,"AUSTIN, TX",11/2/2012,11/15/2012,CERTIFIED
FACEBOOK INC,DATA SCIENTIST,120000,"MENLO PARK, CA",10/30/2012,11/19/2012,CERTIFIED
QUICKEN LOANS INC,DATA SCIENTIST,110000,"DETROIT, MI",10/23/2012,11/5/2012,CERTIFIED
PLAYDOM INC PART OF THE WALT DISNEY COMPANY,DATA SCIENTIST,112000,"PALO ALTO, CA",10/16/2012,10/29/2012,CERTIFIED
GUESTMOB INC,DATA SCIENTIST,105000,"SAN MATEO, CA",10/15/2012,10/15/2012,CERTIFIED
GUAVUS INC,DATA SCIENTIST,160000,"SAN MATEO, CA",9/28/2012,10/15/2012,CERTIFIED
GUESTMOB INC,DATA SCIENTIST,105000,"SAN MATEO, CA",9/27/2012,10/15/2012,DENIED
